{
"meta":{"test_sets":[],"test_metrics":[],"learn_metrics":[{"best_value":"Min","name":"MultiClass"}],"launch_mode":"Train","parameters":"","iteration_count":1000,"learn_sets":["learn"],"name":"experiment"},
"iterations":[
{"learn":[1.00652211],"iteration":0,"passed_time":0.1291704062,"remaining_time":129.0412358},
{"learn":[0.9221546175],"iteration":1,"passed_time":0.1304894328,"remaining_time":65.11422697},
{"learn":[0.8474441602],"iteration":2,"passed_time":0.1317248721,"remaining_time":43.77656581},
{"learn":[0.7870044149],"iteration":3,"passed_time":0.1328776459,"remaining_time":33.08653383},
{"learn":[0.7413798112],"iteration":4,"passed_time":0.1340074918,"remaining_time":26.66749086},
{"learn":[0.6949185201],"iteration":5,"passed_time":0.1352211509,"remaining_time":22.40163734},
{"learn":[0.6543445902],"iteration":6,"passed_time":0.1364958648,"remaining_time":19.36291339},
{"learn":[0.6201595931],"iteration":7,"passed_time":0.1392280277,"remaining_time":17.26427543},
{"learn":[0.5827037529],"iteration":8,"passed_time":0.142000769,"remaining_time":15.63586245},
{"learn":[0.5569842507],"iteration":9,"passed_time":0.1436984016,"remaining_time":14.22614175},
{"learn":[0.529231989],"iteration":10,"passed_time":0.1453763299,"remaining_time":13.07065366},
{"learn":[0.503497761],"iteration":11,"passed_time":0.1467300624,"remaining_time":12.08077514},
{"learn":[0.4829172079],"iteration":12,"passed_time":0.1486268501,"remaining_time":11.28420777},
{"learn":[0.4604658824],"iteration":13,"passed_time":0.1508911393,"remaining_time":10.62704738},
{"learn":[0.4409243617],"iteration":14,"passed_time":0.1549861089,"remaining_time":10.17742115},
{"learn":[0.4255249009],"iteration":15,"passed_time":0.1586684006,"remaining_time":9.758106635},
{"learn":[0.4095083996],"iteration":16,"passed_time":0.1604446397,"remaining_time":9.277475344},
{"learn":[0.397386741],"iteration":17,"passed_time":0.1617908327,"remaining_time":8.826588762},
{"learn":[0.3816944463],"iteration":18,"passed_time":0.1630412103,"remaining_time":8.418075121},
{"learn":[0.3683477728],"iteration":19,"passed_time":0.1643825455,"remaining_time":8.054744728},
{"learn":[0.3552399698],"iteration":20,"passed_time":0.1666149007,"remaining_time":7.767427988},
{"learn":[0.3435026636],"iteration":21,"passed_time":0.1684931311,"remaining_time":7.490285556},
{"learn":[0.3360862466],"iteration":22,"passed_time":0.1697746816,"remaining_time":7.211733216},
{"learn":[0.3265641445],"iteration":23,"passed_time":0.1711875836,"remaining_time":6.961628399},
{"learn":[0.3152837545],"iteration":24,"passed_time":0.1724574801,"remaining_time":6.725841723},
{"learn":[0.3057828467],"iteration":25,"passed_time":0.1742668449,"remaining_time":6.528304113},
{"learn":[0.3000033029],"iteration":26,"passed_time":0.1758059075,"remaining_time":6.335524001},
{"learn":[0.2938200772],"iteration":27,"passed_time":0.1772286271,"remaining_time":6.152365196},
{"learn":[0.2886018522],"iteration":28,"passed_time":0.1785316012,"remaining_time":5.977730508},
{"learn":[0.2824151775],"iteration":29,"passed_time":0.1798560225,"remaining_time":5.815344727},
{"learn":[0.2753434717],"iteration":30,"passed_time":0.1823534967,"remaining_time":5.700017366},
{"learn":[0.2679946555],"iteration":31,"passed_time":0.1835988505,"remaining_time":5.553865228},
{"learn":[0.2640032606],"iteration":32,"passed_time":0.185058334,"remaining_time":5.422769969},
{"learn":[0.260850082],"iteration":33,"passed_time":0.1862481432,"remaining_time":5.291638421},
{"learn":[0.2563280539],"iteration":34,"passed_time":0.1876893138,"remaining_time":5.17486251},
{"learn":[0.2518236078],"iteration":35,"passed_time":0.1889804856,"remaining_time":5.060477447},
{"learn":[0.2489342542],"iteration":36,"passed_time":0.1902710758,"remaining_time":4.952190433},
{"learn":[0.2459464529],"iteration":37,"passed_time":0.1915013008,"remaining_time":4.848006614},
{"learn":[0.2422245532],"iteration":38,"passed_time":0.1928202667,"remaining_time":4.751289137},
{"learn":[0.2376411491],"iteration":39,"passed_time":0.1941682279,"remaining_time":4.660037469},
{"learn":[0.2354208847],"iteration":40,"passed_time":0.1962248009,"remaining_time":4.589745953},
{"learn":[0.231498805],"iteration":41,"passed_time":0.1976283976,"remaining_time":4.507809641},
{"learn":[0.2283599739],"iteration":42,"passed_time":0.199131416,"remaining_time":4.431831748},
{"learn":[0.224207194],"iteration":43,"passed_time":0.2005248362,"remaining_time":4.356857804},
{"learn":[0.2211120127],"iteration":44,"passed_time":0.2018726776,"remaining_time":4.284186825},
{"learn":[0.2192947116],"iteration":45,"passed_time":0.2032068036,"remaining_time":4.214332405},
{"learn":[0.2164742412],"iteration":46,"passed_time":0.2046134833,"remaining_time":4.148864884},
{"learn":[0.2140429448],"iteration":47,"passed_time":0.2059911458,"remaining_time":4.085491059},
{"learn":[0.2120870733],"iteration":48,"passed_time":0.2073981601,"remaining_time":4.025217351},
{"learn":[0.2106819943],"iteration":49,"passed_time":0.2086307574,"remaining_time":3.963984391},
{"learn":[0.2090839769],"iteration":50,"passed_time":0.2106066363,"remaining_time":3.918935252},
{"learn":[0.2077846792],"iteration":51,"passed_time":0.2120773423,"remaining_time":3.866333087},
{"learn":[0.2052022659],"iteration":52,"passed_time":0.2133219199,"remaining_time":3.811619965},
{"learn":[0.2025031584],"iteration":53,"passed_time":0.21446782,"remaining_time":3.757158476},
{"learn":[0.2000379288],"iteration":54,"passed_time":0.2159069974,"remaining_time":3.709674774},
{"learn":[0.1977343878],"iteration":55,"passed_time":0.2171852948,"remaining_time":3.661123541},
{"learn":[0.1961901974],"iteration":56,"passed_time":0.2183413791,"remaining_time":3.612209132},
{"learn":[0.1936063974],"iteration":57,"passed_time":0.2194879425,"remaining_time":3.564786928},
{"learn":[0.1918318691],"iteration":58,"passed_time":0.2206662384,"remaining_time":3.519439497},
{"learn":[0.1895165747],"iteration":59,"passed_time":0.2218249446,"remaining_time":3.475257465},
{"learn":[0.1881974752],"iteration":60,"passed_time":0.2229943154,"remaining_time":3.432650199},
{"learn":[0.1864248007],"iteration":61,"passed_time":0.2241545487,"remaining_time":3.391241398},
{"learn":[0.1852475325],"iteration":62,"passed_time":0.2276546387,"remaining_time":3.385911055},
{"learn":[0.183866603],"iteration":63,"passed_time":0.2290361165,"remaining_time":3.349653204},
{"learn":[0.1819105606],"iteration":64,"passed_time":0.2303765078,"remaining_time":3.313877458},
{"learn":[0.1808187036],"iteration":65,"passed_time":0.231805646,"remaining_time":3.280401111},
{"learn":[0.1805298185],"iteration":66,"passed_time":0.2324618425,"remaining_time":3.237117896},
{"learn":[0.1789790086],"iteration":67,"passed_time":0.2337144788,"remaining_time":3.20326315},
{"learn":[0.1779823432],"iteration":68,"passed_time":0.2348999324,"remaining_time":3.169446915},
{"learn":[0.17650263],"iteration":69,"passed_time":0.2361049918,"remaining_time":3.136823463},
{"learn":[0.1750089339],"iteration":70,"passed_time":0.2372887422,"remaining_time":3.104806219},
{"learn":[0.1735523973],"iteration":71,"passed_time":0.2385482514,"remaining_time":3.074621907},
{"learn":[0.1721936052],"iteration":72,"passed_time":0.2400235127,"remaining_time":3.047969812},
{"learn":[0.1713489467],"iteration":73,"passed_time":0.2422889573,"remaining_time":3.031886141},
{"learn":[0.1692128467],"iteration":74,"passed_time":0.2438700083,"remaining_time":3.007730102},
{"learn":[0.1685890072],"iteration":75,"passed_time":0.2456102816,"remaining_time":2.98610395},
{"learn":[0.1675243475],"iteration":76,"passed_time":0.2470238123,"remaining_time":2.961077646},
{"learn":[0.1667929567],"iteration":77,"passed_time":0.2491109143,"remaining_time":2.944618756},
{"learn":[0.1661041419],"iteration":78,"passed_time":0.2506077913,"remaining_time":2.921642732},
{"learn":[0.1657854455],"iteration":79,"passed_time":0.2518969151,"remaining_time":2.896814524},
{"learn":[0.16481068],"iteration":80,"passed_time":0.2534089395,"remaining_time":2.875096487},
{"learn":[0.1640389572],"iteration":81,"passed_time":0.2568647908,"remaining_time":2.875632659},
{"learn":[0.1633516225],"iteration":82,"passed_time":0.2584560168,"remaining_time":2.855471896},
{"learn":[0.162579038],"iteration":83,"passed_time":0.2601791875,"remaining_time":2.837192092},
{"learn":[0.1621385385],"iteration":84,"passed_time":0.2616755487,"remaining_time":2.816860318},
{"learn":[0.1599271381],"iteration":85,"passed_time":0.2637742475,"remaining_time":2.803368165},
{"learn":[0.1595415021],"iteration":86,"passed_time":0.265456651,"remaining_time":2.785769222},
{"learn":[0.1591149132],"iteration":87,"passed_time":0.267272989,"remaining_time":2.769920068},
{"learn":[0.1584832113],"iteration":88,"passed_time":0.2685739236,"remaining_time":2.749110611},
{"learn":[0.1574919027],"iteration":89,"passed_time":0.2705343087,"remaining_time":2.735402454},
{"learn":[0.1563988356],"iteration":90,"passed_time":0.2723568167,"remaining_time":2.720575235},
{"learn":[0.1543616251],"iteration":91,"passed_time":0.2736740786,"remaining_time":2.701044167},
{"learn":[0.1531099474],"iteration":92,"passed_time":0.275384578,"remaining_time":2.685739917},
{"learn":[0.1521144528],"iteration":93,"passed_time":0.2766969222,"remaining_time":2.666887357},
{"learn":[0.1516364866],"iteration":94,"passed_time":0.2780281836,"remaining_time":2.648584275},
{"learn":[0.1502915575],"iteration":95,"passed_time":0.2791241116,"remaining_time":2.628418717},
{"learn":[0.1498604258],"iteration":96,"passed_time":0.2802936332,"remaining_time":2.609331452},
{"learn":[0.148848671],"iteration":97,"passed_time":0.281467593,"remaining_time":2.590650703},
{"learn":[0.1482804289],"iteration":98,"passed_time":0.2828379908,"remaining_time":2.574111411},
{"learn":[0.147724384],"iteration":99,"passed_time":0.2841301157,"remaining_time":2.557171041},
{"learn":[0.1467702726],"iteration":100,"passed_time":0.286492741,"remaining_time":2.550069051},
{"learn":[0.1457332661],"iteration":101,"passed_time":0.2877105138,"remaining_time":2.532980798},
{"learn":[0.1449123123],"iteration":102,"passed_time":0.2890906221,"remaining_time":2.517614447},
{"learn":[0.1443532227],"iteration":103,"passed_time":0.2906714725,"remaining_time":2.504246533},
{"learn":[0.1435162461],"iteration":104,"passed_time":0.2925352956,"remaining_time":2.493515139},
{"learn":[0.1424940778],"iteration":105,"passed_time":0.2982136171,"remaining_time":2.515122393},
{"learn":[0.1417886524],"iteration":106,"passed_time":0.3012286034,"remaining_time":2.513991989},
{"learn":[0.1410044349],"iteration":107,"passed_time":0.3036556849,"remaining_time":2.507971027},
{"learn":[0.1399953813],"iteration":108,"passed_time":0.3060586138,"remaining_time":2.501818577},
{"learn":[0.1397106605],"iteration":109,"passed_time":0.3082376646,"remaining_time":2.493922922},
{"learn":[0.1391208123],"iteration":110,"passed_time":0.3130186089,"remaining_time":2.506968859},
{"learn":[0.1382998139],"iteration":111,"passed_time":0.3149679957,"remaining_time":2.497246252},
{"learn":[0.1376819079],"iteration":112,"passed_time":0.3179327681,"remaining_time":2.495631551},
{"learn":[0.1369631577],"iteration":113,"passed_time":0.3197653752,"remaining_time":2.485194056},
{"learn":[0.1364862349],"iteration":114,"passed_time":0.3223391097,"remaining_time":2.48060967},
{"learn":[0.1357470093],"iteration":115,"passed_time":0.3240788765,"remaining_time":2.469704541},
{"learn":[0.1352671657],"iteration":116,"passed_time":0.3256786761,"remaining_time":2.457899752},
{"learn":[0.1347027505],"iteration":117,"passed_time":0.3273024234,"remaining_time":2.446446927},
{"learn":[0.1335672117],"iteration":118,"passed_time":0.3294396408,"remaining_time":2.438960702},
{"learn":[0.1329533647],"iteration":119,"passed_time":0.332055024,"remaining_time":2.435070176},
{"learn":[0.1322632761],"iteration":120,"passed_time":0.3347694682,"remaining_time":2.431920352},
{"learn":[0.131754566],"iteration":121,"passed_time":0.3365347899,"remaining_time":2.421947095},
{"learn":[0.1310677303],"iteration":122,"passed_time":0.3387957577,"remaining_time":2.415641297},
{"learn":[0.130231566],"iteration":123,"passed_time":0.3405164497,"remaining_time":2.405583951},
{"learn":[0.1296465368],"iteration":124,"passed_time":0.3422692114,"remaining_time":2.39588448},
{"learn":[0.1286685679],"iteration":125,"passed_time":0.3443077379,"remaining_time":2.388293356},
{"learn":[0.1281255528],"iteration":126,"passed_time":0.346063108,"remaining_time":2.378843254},
{"learn":[0.1277490188],"iteration":127,"passed_time":0.3485843016,"remaining_time":2.374730554},
{"learn":[0.1269565928],"iteration":128,"passed_time":0.3511926003,"remaining_time":2.371230658},
{"learn":[0.1262257789],"iteration":129,"passed_time":0.3534392062,"remaining_time":2.365323918},
{"learn":[0.1259077188],"iteration":130,"passed_time":0.3553360681,"remaining_time":2.357153001},
{"learn":[0.1255392552],"iteration":131,"passed_time":0.3576888716,"remaining_time":2.352075307},
{"learn":[0.1249194116],"iteration":132,"passed_time":0.3592564304,"remaining_time":2.341919738},
{"learn":[0.1240731632],"iteration":133,"passed_time":0.3613388592,"remaining_time":2.335219792},
{"learn":[0.123511648],"iteration":134,"passed_time":0.3642804002,"remaining_time":2.334092935},
{"learn":[0.1229047237],"iteration":135,"passed_time":0.3658317228,"remaining_time":2.324107416},
{"learn":[0.1225564583],"iteration":136,"passed_time":0.3674042524,"remaining_time":2.314378612},
{"learn":[0.1217996675],"iteration":137,"passed_time":0.3686271907,"remaining_time":2.302584336},
{"learn":[0.1210332367],"iteration":138,"passed_time":0.3700006991,"remaining_time":2.291874834},
{"learn":[0.12039889],"iteration":139,"passed_time":0.3713725094,"remaining_time":2.281288272},
{"learn":[0.1197285878],"iteration":140,"passed_time":0.3728317047,"remaining_time":2.271364782},
{"learn":[0.1193110031],"iteration":141,"passed_time":0.3741789562,"remaining_time":2.260884116},
{"learn":[0.1186790195],"iteration":142,"passed_time":0.3754994105,"remaining_time":2.250370593},
{"learn":[0.1179998277],"iteration":143,"passed_time":0.3779030601,"remaining_time":2.246423746},
{"learn":[0.117600314],"iteration":144,"passed_time":0.3791937742,"remaining_time":2.235935703},
{"learn":[0.1169363144],"iteration":145,"passed_time":0.3807549237,"remaining_time":2.227155512},
{"learn":[0.1165595219],"iteration":146,"passed_time":0.3825773609,"remaining_time":2.21998972},
{"learn":[0.1160588007],"iteration":147,"passed_time":0.3838777957,"remaining_time":2.209891094},
{"learn":[0.115473849],"iteration":148,"passed_time":0.384964282,"remaining_time":2.198688617},
{"learn":[0.1146408834],"iteration":149,"passed_time":0.3860006142,"remaining_time":2.187336814},
{"learn":[0.1138835368],"iteration":150,"passed_time":0.3870323253,"remaining_time":2.176095657},
{"learn":[0.1134252166],"iteration":151,"passed_time":0.3880777655,"remaining_time":2.165065428},
{"learn":[0.1129940211],"iteration":152,"passed_time":0.3890765768,"remaining_time":2.153907585},
{"learn":[0.1124609312],"iteration":153,"passed_time":0.3901592352,"remaining_time":2.143342292},
{"learn":[0.1122465482],"iteration":154,"passed_time":0.3917011481,"remaining_time":2.135403033},
{"learn":[0.1115492823],"iteration":155,"passed_time":0.3933545109,"remaining_time":2.128148764},
{"learn":[0.1111461645],"iteration":156,"passed_time":0.3944260428,"remaining_time":2.117841746},
{"learn":[0.1107742098],"iteration":157,"passed_time":0.3956327119,"remaining_time":2.108371794},
{"learn":[0.1102719215],"iteration":158,"passed_time":0.3967621288,"remaining_time":2.098597172},
{"learn":[0.1097359605],"iteration":159,"passed_time":0.397902496,"remaining_time":2.088988104},
{"learn":[0.1092564463],"iteration":160,"passed_time":0.3990132587,"remaining_time":2.079329963},
{"learn":[0.1088237324],"iteration":161,"passed_time":0.4001280289,"remaining_time":2.069798075},
{"learn":[0.1082417343],"iteration":162,"passed_time":0.4012299676,"remaining_time":2.060303576},
{"learn":[0.1078559899],"iteration":163,"passed_time":0.4023439767,"remaining_time":2.050972954},
{"learn":[0.1072624383],"iteration":164,"passed_time":0.4035962826,"remaining_time":2.042441794},
{"learn":[0.1066452113],"iteration":165,"passed_time":0.4047496447,"remaining_time":2.033501227},
{"learn":[0.1065112612],"iteration":166,"passed_time":0.4058300191,"remaining_time":2.024289856},
{"learn":[0.1061401412],"iteration":167,"passed_time":0.4077037499,"remaining_time":2.019104285},
{"learn":[0.1057346545],"iteration":168,"passed_time":0.4090786608,"remaining_time":2.011505131},
{"learn":[0.1053472993],"iteration":169,"passed_time":0.4103912823,"remaining_time":2.003675084},
{"learn":[0.1050384554],"iteration":170,"passed_time":0.4114456821,"remaining_time":1.994669418},
{"learn":[0.1042664156],"iteration":171,"passed_time":0.4125355049,"remaining_time":1.985926733},
{"learn":[0.1041218843],"iteration":172,"passed_time":0.4136206166,"remaining_time":1.97725},
{"learn":[0.1037479704],"iteration":173,"passed_time":0.4147363661,"remaining_time":1.968805968},
{"learn":[0.1034269685],"iteration":174,"passed_time":0.4158568512,"remaining_time":1.960468013},
{"learn":[0.1030206605],"iteration":175,"passed_time":0.4169931899,"remaining_time":1.952286298},
{"learn":[0.1027924469],"iteration":176,"passed_time":0.4181006868,"remaining_time":1.944050086},
{"learn":[0.1023691411],"iteration":177,"passed_time":0.4192001578,"remaining_time":1.935856909},
{"learn":[0.1017084976],"iteration":178,"passed_time":0.4203735302,"remaining_time":1.928081946},
{"learn":[0.1013572229],"iteration":179,"passed_time":0.4219278084,"remaining_time":1.922115572},
{"learn":[0.1012815205],"iteration":180,"passed_time":0.4234768159,"remaining_time":1.916174101},
{"learn":[0.1007470787],"iteration":181,"passed_time":0.4246373147,"remaining_time":1.908534744},
{"learn":[0.1003732973],"iteration":182,"passed_time":0.4257717074,"remaining_time":1.900849645},
{"learn":[0.1001482232],"iteration":183,"passed_time":0.4268436658,"remaining_time":1.892958866},
{"learn":[0.09959132972],"iteration":184,"passed_time":0.4279273448,"remaining_time":1.885193438},
{"learn":[0.09925480572],"iteration":185,"passed_time":0.4290349622,"remaining_time":1.877604619},
{"learn":[0.09887328888],"iteration":186,"passed_time":0.4302195335,"remaining_time":1.870419683},
{"learn":[0.09864219357],"iteration":187,"passed_time":0.4313947203,"remaining_time":1.863258047},
{"learn":[0.09824173212],"iteration":188,"passed_time":0.4325437092,"remaining_time":1.856047345},
{"learn":[0.09791937208],"iteration":189,"passed_time":0.4336830019,"remaining_time":1.848859113},
{"learn":[0.09760747759],"iteration":190,"passed_time":0.4348541029,"remaining_time":1.841868949},
{"learn":[0.09740552172],"iteration":191,"passed_time":0.4360195514,"remaining_time":1.834915612},
{"learn":[0.09697375154],"iteration":192,"passed_time":0.4380889659,"remaining_time":1.831802049},
{"learn":[0.0966121943],"iteration":193,"passed_time":0.4395040102,"remaining_time":1.825980579},
{"learn":[0.09624279492],"iteration":194,"passed_time":0.4407338247,"remaining_time":1.819439635},
{"learn":[0.09579226079],"iteration":195,"passed_time":0.4422314737,"remaining_time":1.814051556},
{"learn":[0.09554312203],"iteration":196,"passed_time":0.44341783,"remaining_time":1.807434099},
{"learn":[0.09522162181],"iteration":197,"passed_time":0.4446552549,"remaining_time":1.801078356},
{"learn":[0.09485778043],"iteration":198,"passed_time":0.4458631064,"remaining_time":1.794655016},
{"learn":[0.09456631386],"iteration":199,"passed_time":0.4470842217,"remaining_time":1.788336887},
{"learn":[0.09442013374],"iteration":200,"passed_time":0.4482423708,"remaining_time":1.781819175},
{"learn":[0.09414418837],"iteration":201,"passed_time":0.4494333809,"remaining_time":1.775484347},
{"learn":[0.09382848456],"iteration":202,"passed_time":0.4507265164,"remaining_time":1.769601151},
{"learn":[0.0934292391],"iteration":203,"passed_time":0.4526949366,"remaining_time":1.76639789},
{"learn":[0.09302124818],"iteration":204,"passed_time":0.4543137335,"remaining_time":1.76185082},
{"learn":[0.09275374253],"iteration":205,"passed_time":0.4555245305,"remaining_time":1.755759598},
{"learn":[0.09257561297],"iteration":206,"passed_time":0.456737089,"remaining_time":1.749722278},
{"learn":[0.09212906046],"iteration":207,"passed_time":0.4580464531,"remaining_time":1.744099956},
{"learn":[0.09174506243],"iteration":208,"passed_time":0.4593945011,"remaining_time":1.738665313},
{"learn":[0.09141639352],"iteration":209,"passed_time":0.4605818544,"remaining_time":1.732665071},
{"learn":[0.09113465331],"iteration":210,"passed_time":0.4617737781,"remaining_time":1.72672754},
{"learn":[0.09072544074],"iteration":211,"passed_time":0.4629099196,"remaining_time":1.720627437},
{"learn":[0.0905260133],"iteration":212,"passed_time":0.4641009146,"remaining_time":1.714776619},
{"learn":[0.09024626278],"iteration":213,"passed_time":0.4653306372,"remaining_time":1.709111593},
{"learn":[0.09007562331],"iteration":214,"passed_time":0.4668409895,"remaining_time":1.70451245},
{"learn":[0.08978514159],"iteration":215,"passed_time":0.4688468226,"remaining_time":1.701740319},
{"learn":[0.08963105353],"iteration":216,"passed_time":0.4704184075,"remaining_time":1.697408355},
{"learn":[0.08924976633],"iteration":217,"passed_time":0.4718209946,"remaining_time":1.692495494},
{"learn":[0.08873555982],"iteration":218,"passed_time":0.4732654824,"remaining_time":1.687764118},
{"learn":[0.08846297858],"iteration":219,"passed_time":0.475321232,"remaining_time":1.685229823},
{"learn":[0.08826334836],"iteration":220,"passed_time":0.4771704901,"remaining_time":1.681971999},
{"learn":[0.08811843013],"iteration":221,"passed_time":0.478765865,"remaining_time":1.677837131},
{"learn":[0.08781610397],"iteration":222,"passed_time":0.4804370165,"remaining_time":1.673989066},
{"learn":[0.08760835197],"iteration":223,"passed_time":0.4823216007,"remaining_time":1.670899831},
{"learn":[0.08739520373],"iteration":224,"passed_time":0.4845351635,"remaining_time":1.668954452},
{"learn":[0.08719791528],"iteration":225,"passed_time":0.4866581505,"remaining_time":1.666696498},
{"learn":[0.08700786394],"iteration":226,"passed_time":0.4881980542,"remaining_time":1.662454167},
{"learn":[0.086637791],"iteration":227,"passed_time":0.4898456001,"remaining_time":1.658600014},
{"learn":[0.08648162919],"iteration":228,"passed_time":0.4911717449,"remaining_time":1.653683036},
{"learn":[0.08643811059],"iteration":229,"passed_time":0.4921064583,"remaining_time":1.647486838},
{"learn":[0.08619676752],"iteration":230,"passed_time":0.4934157288,"remaining_time":1.642583097},
{"learn":[0.08600461331],"iteration":231,"passed_time":0.4948448375,"remaining_time":1.638107048},
{"learn":[0.08547383258],"iteration":232,"passed_time":0.4966714331,"remaining_time":1.634965619},
{"learn":[0.08514885336],"iteration":233,"passed_time":0.5028229446,"remaining_time":1.645993058},
{"learn":[0.08499023937],"iteration":234,"passed_time":0.5049701717,"remaining_time":1.64383907},
{"learn":[0.084805123],"iteration":235,"passed_time":0.5069959721,"remaining_time":1.641292045},
{"learn":[0.08451042936],"iteration":236,"passed_time":0.5087147848,"remaining_time":1.6377611},
{"learn":[0.08417149417],"iteration":237,"passed_time":0.5103300141,"remaining_time":1.633913743},
{"learn":[0.08386567999],"iteration":238,"passed_time":0.512824622,"remaining_time":1.632885094},
{"learn":[0.08363374955],"iteration":239,"passed_time":0.5160403917,"remaining_time":1.634127907},
{"learn":[0.08338709404],"iteration":240,"passed_time":0.518777597,"remaining_time":1.63382654},
{"learn":[0.08309207097],"iteration":241,"passed_time":0.5205433755,"remaining_time":1.630462308},
{"learn":[0.08260049147],"iteration":242,"passed_time":0.5222702055,"remaining_time":1.6269899},
{"learn":[0.08225463437],"iteration":243,"passed_time":0.5242969246,"remaining_time":1.624460963},
{"learn":[0.08195569195],"iteration":244,"passed_time":0.5259142533,"remaining_time":1.620674536},
{"learn":[0.08191313391],"iteration":245,"passed_time":0.5278962997,"remaining_time":1.618023618},
{"learn":[0.08158269126],"iteration":246,"passed_time":0.5304944673,"remaining_time":1.617256413},
{"learn":[0.08143244591],"iteration":247,"passed_time":0.5333120515,"remaining_time":1.617139769},
{"learn":[0.08121726829],"iteration":248,"passed_time":0.5347867506,"remaining_time":1.612951204},
{"learn":[0.08083799487],"iteration":249,"passed_time":0.5365663222,"remaining_time":1.609698966},
{"learn":[0.08058636146],"iteration":250,"passed_time":0.5384422291,"remaining_time":1.606745935},
{"learn":[0.08040950828],"iteration":251,"passed_time":0.5401488972,"remaining_time":1.603299107},
{"learn":[0.08008341673],"iteration":252,"passed_time":0.5424035255,"remaining_time":1.601483927},
{"learn":[0.079804557],"iteration":253,"passed_time":0.545203289,"remaining_time":1.601266353},
{"learn":[0.07959092093],"iteration":254,"passed_time":0.5473755738,"remaining_time":1.599195304},
{"learn":[0.0793236709],"iteration":255,"passed_time":0.5488910722,"remaining_time":1.595214678},
{"learn":[0.07913206497],"iteration":256,"passed_time":0.550569555,"remaining_time":1.591724433},
{"learn":[0.07896143583],"iteration":257,"passed_time":0.5521000549,"remaining_time":1.587822639},
{"learn":[0.07862536519],"iteration":258,"passed_time":0.553673917,"remaining_time":1.584063214},
{"learn":[0.0784776414],"iteration":259,"passed_time":0.5552511729,"remaining_time":1.580330261},
{"learn":[0.0781278953],"iteration":260,"passed_time":0.5582452624,"remaining_time":1.580625475},
{"learn":[0.07787797527],"iteration":261,"passed_time":0.5604627804,"remaining_time":1.578708137},
{"learn":[0.07765578614],"iteration":262,"passed_time":0.5622568798,"remaining_time":1.575601979},
{"learn":[0.07749411832],"iteration":263,"passed_time":0.5637839108,"remaining_time":1.571761206},
{"learn":[0.07736045207],"iteration":264,"passed_time":0.5655518326,"remaining_time":1.568606026},
{"learn":[0.07700636787],"iteration":265,"passed_time":0.5674684814,"remaining_time":1.565871674},
{"learn":[0.0767276853],"iteration":266,"passed_time":0.5690776772,"remaining_time":1.562299391},
{"learn":[0.07635654633],"iteration":267,"passed_time":0.5707180172,"remaining_time":1.558826823},
{"learn":[0.07611898868],"iteration":268,"passed_time":0.5744402223,"remaining_time":1.561025288},
{"learn":[0.07591410908],"iteration":269,"passed_time":0.5762494531,"remaining_time":1.558007781},
{"learn":[0.0756797306],"iteration":270,"passed_time":0.5782084805,"remaining_time":1.555402149},
{"learn":[0.07544050494],"iteration":271,"passed_time":0.5800643797,"remaining_time":1.552525252},
{"learn":[0.07523051071],"iteration":272,"passed_time":0.5818800191,"remaining_time":1.549548622},
{"learn":[0.07499155673],"iteration":273,"passed_time":0.5835617011,"remaining_time":1.546225529},
{"learn":[0.07475573813],"iteration":274,"passed_time":0.5852303251,"remaining_time":1.542879948},
{"learn":[0.07449869739],"iteration":275,"passed_time":0.5882045004,"remaining_time":1.542971226},
{"learn":[0.07431227285],"iteration":276,"passed_time":0.5911307861,"remaining_time":1.542915373},
{"learn":[0.07412295245],"iteration":277,"passed_time":0.5932508158,"remaining_time":1.540744924},
{"learn":[0.07376036354],"iteration":278,"passed_time":0.595304659,"remaining_time":1.538403796},
{"learn":[0.07357825574],"iteration":279,"passed_time":0.597233454,"remaining_time":1.535743167},
{"learn":[0.07334854023],"iteration":280,"passed_time":0.5991794511,"remaining_time":1.533131763},
{"learn":[0.07320664764],"iteration":281,"passed_time":0.6012409999,"remaining_time":1.530819283},
{"learn":[0.07309166698],"iteration":282,"passed_time":0.6043552486,"remaining_time":1.531175665},
{"learn":[0.07293248918],"iteration":283,"passed_time":0.6063114173,"remaining_time":1.528587939},
{"learn":[0.07278162102],"iteration":284,"passed_time":0.6082392861,"remaining_time":1.525933648},
{"learn":[0.07259358932],"iteration":285,"passed_time":0.6101199716,"remaining_time":1.523166642},
{"learn":[0.07222308055],"iteration":286,"passed_time":0.6122467595,"remaining_time":1.521017211},
{"learn":[0.07198266823],"iteration":287,"passed_time":0.6142155986,"remaining_time":1.518477452},
{"learn":[0.07176358296],"iteration":288,"passed_time":0.6170486395,"remaining_time":1.51806776},
{"learn":[0.07165316707],"iteration":289,"passed_time":0.6200764429,"remaining_time":1.518118188},
{"learn":[0.07141527906],"iteration":290,"passed_time":0.6226583296,"remaining_time":1.517061016},
{"learn":[0.07125049164],"iteration":291,"passed_time":0.6249954447,"remaining_time":1.515399914},
{"learn":[0.07103400553],"iteration":292,"passed_time":0.6274364447,"remaining_time":1.513984868},
{"learn":[0.07088220752],"iteration":293,"passed_time":0.6295472172,"remaining_time":1.511769848},
{"learn":[0.07074345217],"iteration":294,"passed_time":0.6317147328,"remaining_time":1.509691141},
{"learn":[0.07069817789],"iteration":295,"passed_time":0.6347937649,"remaining_time":1.509779765},
{"learn":[0.0703835293],"iteration":296,"passed_time":0.6370992797,"remaining_time":1.50801614},
{"learn":[0.07027426481],"iteration":297,"passed_time":0.6391196441,"remaining_time":1.505577148},
{"learn":[0.07009044404],"iteration":298,"passed_time":0.6414230966,"remaining_time":1.503804651},
{"learn":[0.06993127167],"iteration":299,"passed_time":0.6437041168,"remaining_time":1.501976272},
{"learn":[0.06975362918],"iteration":300,"passed_time":0.6457393277,"remaining_time":1.499574053},
{"learn":[0.06957069506],"iteration":301,"passed_time":0.648183473,"remaining_time":1.498119418},
{"learn":[0.06943111125],"iteration":302,"passed_time":0.651117161,"remaining_time":1.49778436},
{"learn":[0.06934096368],"iteration":303,"passed_time":0.6531080229,"remaining_time":1.495273631},
{"learn":[0.06920640126],"iteration":304,"passed_time":0.6553294278,"remaining_time":1.493291647},
{"learn":[0.06907265025],"iteration":305,"passed_time":0.6573511474,"remaining_time":1.490855217},
{"learn":[0.06890532278],"iteration":306,"passed_time":0.6595001242,"remaining_time":1.488708749},
{"learn":[0.06866326446],"iteration":307,"passed_time":0.6616750739,"remaining_time":1.486620621},
{"learn":[0.06850430581],"iteration":308,"passed_time":0.6648196873,"remaining_time":1.486700336},
{"learn":[0.06837156862],"iteration":309,"passed_time":0.6669375013,"remaining_time":1.484473793},
{"learn":[0.06818718705],"iteration":310,"passed_time":0.6691800955,"remaining_time":1.482524392},
{"learn":[0.06804301298],"iteration":311,"passed_time":0.6712306729,"remaining_time":1.480149689},
{"learn":[0.06790739264],"iteration":312,"passed_time":0.6732854483,"remaining_time":1.477786271},
{"learn":[0.0677229798],"iteration":313,"passed_time":0.6753119229,"remaining_time":1.475362991},
{"learn":[0.06747190937],"iteration":314,"passed_time":0.6773090931,"remaining_time":1.472878504},
{"learn":[0.06731506226],"iteration":315,"passed_time":0.680278194,"remaining_time":1.472500901},
{"learn":[0.06718606534],"iteration":316,"passed_time":0.6825149856,"remaining_time":1.470529133},
{"learn":[0.06702619418],"iteration":317,"passed_time":0.6868529124,"remaining_time":1.473061907},
{"learn":[0.06693161832],"iteration":318,"passed_time":0.6888995313,"remaining_time":1.470660128},
{"learn":[0.0667245585],"iteration":319,"passed_time":0.6909820436,"remaining_time":1.468336843},
{"learn":[0.06650504398],"iteration":320,"passed_time":0.6933373021,"remaining_time":1.466591988},
{"learn":[0.06621567667],"iteration":321,"passed_time":0.6967639222,"remaining_time":1.46709919},
{"learn":[0.06611690565],"iteration":322,"passed_time":0.6992511305,"remaining_time":1.465613051},
{"learn":[0.06598900186],"iteration":323,"passed_time":0.7022828546,"remaining_time":1.46525682},
{"learn":[0.0658444044],"iteration":324,"passed_time":0.7050732547,"remaining_time":1.464382914},
{"learn":[0.06567708668],"iteration":325,"passed_time":0.7077282826,"remaining_time":1.463217369},
{"learn":[0.06549965832],"iteration":326,"passed_time":0.7134232077,"remaining_time":1.46829914},
{"learn":[0.06534111117],"iteration":327,"passed_time":0.716118401,"remaining_time":1.467169407},
{"learn":[0.0652024723],"iteration":328,"passed_time":0.7186934199,"remaining_time":1.46578506},
{"learn":[0.06502150455],"iteration":329,"passed_time":0.7220213694,"remaining_time":1.465922174},
{"learn":[0.06486355879],"iteration":330,"passed_time":0.7260268269,"remaining_time":1.467407695},
{"learn":[0.06476758624],"iteration":331,"passed_time":0.7296736364,"remaining_time":1.468138521},
{"learn":[0.06461906227],"iteration":332,"passed_time":0.7320530559,"remaining_time":1.466304469},
{"learn":[0.06449232587],"iteration":333,"passed_time":0.7345479739,"remaining_time":1.464697457},
{"learn":[0.06426519165],"iteration":334,"passed_time":0.7366724071,"remaining_time":1.462349704},
{"learn":[0.06411228164],"iteration":335,"passed_time":0.7389691191,"remaining_time":1.460343735},
{"learn":[0.06395222623],"iteration":336,"passed_time":0.7421213706,"remaining_time":1.460019195},
{"learn":[0.0637750775],"iteration":337,"passed_time":0.74425393,"remaining_time":1.457680774},
{"learn":[0.06354343992],"iteration":338,"passed_time":0.7465441069,"remaining_time":1.455650899},
{"learn":[0.06341382318],"iteration":339,"passed_time":0.7492636011,"remaining_time":1.454452873},
{"learn":[0.06328561442],"iteration":340,"passed_time":0.7514916387,"remaining_time":1.452296158},
{"learn":[0.06315922761],"iteration":341,"passed_time":0.7539555389,"remaining_time":1.45059282},
{"learn":[0.06303626743],"iteration":342,"passed_time":0.7572637191,"remaining_time":1.450502226},
{"learn":[0.06290635175],"iteration":343,"passed_time":0.7595038608,"remaining_time":1.4483562},
{"learn":[0.06277873167],"iteration":344,"passed_time":0.7616956494,"remaining_time":1.446117827},
{"learn":[0.06255336597],"iteration":345,"passed_time":0.7640961655,"remaining_time":1.444274255},
{"learn":[0.06243693291],"iteration":346,"passed_time":0.7663249262,"remaining_time":1.442104256},
{"learn":[0.06232165759],"iteration":347,"passed_time":0.7685134439,"remaining_time":1.439858521},
{"learn":[0.06216269946],"iteration":348,"passed_time":0.7716589414,"remaining_time":1.439398197},
{"learn":[0.06199761165],"iteration":349,"passed_time":0.7742106421,"remaining_time":1.437819764},
{"learn":[0.06184455292],"iteration":350,"passed_time":0.7765702334,"remaining_time":1.435880574},
{"learn":[0.06165103788],"iteration":351,"passed_time":0.7788461293,"remaining_time":1.43378492},
{"learn":[0.06156132438],"iteration":352,"passed_time":0.7810797344,"remaining_time":1.431610731},
{"learn":[0.06145029636],"iteration":353,"passed_time":0.7833792882,"remaining_time":1.429556554},
{"learn":[0.0612914576],"iteration":354,"passed_time":0.78697429,"remaining_time":1.429854696},
{"learn":[0.06113434224],"iteration":355,"passed_time":0.7892706851,"remaining_time":1.427781801},
{"learn":[0.0610771218],"iteration":356,"passed_time":0.7917203288,"remaining_time":1.425983673},
{"learn":[0.06092627577],"iteration":357,"passed_time":0.7939368817,"remaining_time":1.423763905},
{"learn":[0.06085779658],"iteration":358,"passed_time":0.7962435638,"remaining_time":1.421705082},
{"learn":[0.06065637804],"iteration":359,"passed_time":0.7984912315,"remaining_time":1.419539967},
{"learn":[0.06041191672],"iteration":360,"passed_time":0.8018432366,"remaining_time":1.419329164},
{"learn":[0.06023927632],"iteration":361,"passed_time":0.80446651,"remaining_time":1.417816667},
{"learn":[0.06009789067],"iteration":362,"passed_time":0.8072418808,"remaining_time":1.416564953},
{"learn":[0.06001250152],"iteration":363,"passed_time":0.8095660548,"remaining_time":1.414516513},
{"learn":[0.05992118729],"iteration":364,"passed_time":0.811892871,"remaining_time":1.412471159},
{"learn":[0.05971899648],"iteration":365,"passed_time":0.8142359724,"remaining_time":1.410452477},
{"learn":[0.05960785148],"iteration":366,"passed_time":0.8175666634,"remaining_time":1.410135417},
{"learn":[0.05945375267],"iteration":367,"passed_time":0.8210460723,"remaining_time":1.410057385},
{"learn":[0.05931310475],"iteration":368,"passed_time":0.8234485748,"remaining_time":1.408119379},
{"learn":[0.05918899309],"iteration":369,"passed_time":0.8260647873,"remaining_time":1.406542746},
{"learn":[0.05900719049],"iteration":370,"passed_time":0.8287759084,"remaining_time":1.405121419},
{"learn":[0.05879653938],"iteration":371,"passed_time":0.8318041677,"remaining_time":1.404228541},
{"learn":[0.0586416199],"iteration":372,"passed_time":0.8346766029,"remaining_time":1.403062279},
{"learn":[0.05848411613],"iteration":373,"passed_time":0.8369934177,"remaining_time":1.400956897},
{"learn":[0.05830737818],"iteration":374,"passed_time":0.8395541413,"remaining_time":1.399256902},
{"learn":[0.05825178881],"iteration":375,"passed_time":0.8418383699,"remaining_time":1.397093465},
{"learn":[0.0580070901],"iteration":376,"passed_time":0.8441375133,"remaining_time":1.394954034},
{"learn":[0.05782957971],"iteration":377,"passed_time":0.847169105,"remaining_time":1.394019003},
{"learn":[0.05771427318],"iteration":378,"passed_time":0.8499495974,"remaining_time":1.392661477},
{"learn":[0.05760043878],"iteration":379,"passed_time":0.8523449446,"remaining_time":1.390668068},
{"learn":[0.05741582534],"iteration":380,"passed_time":0.8549108918,"remaining_time":1.388949717},
{"learn":[0.05732157606],"iteration":381,"passed_time":0.8579351327,"remaining_time":1.387968356},
{"learn":[0.05711984343],"iteration":382,"passed_time":0.861023336,"remaining_time":1.387079369},
{"learn":[0.05690195542],"iteration":383,"passed_time":0.86631615,"remaining_time":1.389715491},
{"learn":[0.05682078403],"iteration":384,"passed_time":0.8700115924,"remaining_time":1.389758777},
{"learn":[0.05667875287],"iteration":385,"passed_time":0.8734593783,"remaining_time":1.389388752},
{"learn":[0.05654549881],"iteration":386,"passed_time":0.8769322235,"remaining_time":1.389042514},
{"learn":[0.05641011726],"iteration":387,"passed_time":0.8814023345,"remaining_time":1.390253167},
{"learn":[0.05627239524],"iteration":388,"passed_time":0.8850131554,"remaining_time":1.39008493},
{"learn":[0.05614703226],"iteration":389,"passed_time":0.8875878726,"remaining_time":1.388278467},
{"learn":[0.05609719593],"iteration":390,"passed_time":0.8898654651,"remaining_time":1.38600529},
{"learn":[0.05589657812],"iteration":391,"passed_time":0.8931746044,"remaining_time":1.385332039},
{"learn":[0.05574456114],"iteration":392,"passed_time":0.8956282277,"remaining_time":1.383324006},
{"learn":[0.05567517415],"iteration":393,"passed_time":0.8984097483,"remaining_time":1.381818039},
{"learn":[0.05548350168],"iteration":394,"passed_time":0.9008348332,"remaining_time":1.379759681},
{"learn":[0.05538680089],"iteration":395,"passed_time":0.903187024,"remaining_time":1.377588289},
{"learn":[0.05533658768],"iteration":396,"passed_time":0.9054450335,"remaining_time":1.375272935},
{"learn":[0.05523796306],"iteration":397,"passed_time":0.9088011556,"remaining_time":1.374618833},
{"learn":[0.05516128919],"iteration":398,"passed_time":0.9122509128,"remaining_time":1.374092227},
{"learn":[0.05507984],"iteration":399,"passed_time":0.9146122402,"remaining_time":1.37191836},
{"learn":[0.05494953823],"iteration":400,"passed_time":0.9168106994,"remaining_time":1.369500272},
{"learn":[0.0548510428],"iteration":401,"passed_time":0.919030985,"remaining_time":1.367115744},
{"learn":[0.05480579431],"iteration":402,"passed_time":0.9213035444,"remaining_time":1.364809469},
{"learn":[0.05470746178],"iteration":403,"passed_time":0.9248958106,"remaining_time":1.364450255},
{"learn":[0.05458016595],"iteration":404,"passed_time":0.9277411781,"remaining_time":1.36297778},
{"learn":[0.05448510193],"iteration":405,"passed_time":0.9302304588,"remaining_time":1.360977568},
{"learn":[0.05445185788],"iteration":406,"passed_time":0.9325833693,"remaining_time":1.35877626},
{"learn":[0.05432573328],"iteration":407,"passed_time":0.9351302964,"remaining_time":1.356855724},
{"learn":[0.05422938458],"iteration":408,"passed_time":0.9375400402,"remaining_time":1.354733897},
{"learn":[0.05408932558],"iteration":409,"passed_time":0.9411688065,"remaining_time":1.354364868},
{"learn":[0.05401618016],"iteration":410,"passed_time":0.9434254145,"remaining_time":1.35201355},
{"learn":[0.05393167544],"iteration":411,"passed_time":0.9456190775,"remaining_time":1.349572858},
{"learn":[0.05386156354],"iteration":412,"passed_time":0.9481908769,"remaining_time":1.347670811},
{"learn":[0.05363965432],"iteration":413,"passed_time":0.9504702865,"remaining_time":1.345351662},
{"learn":[0.05353916948],"iteration":414,"passed_time":0.9527727268,"remaining_time":1.343065169},
{"learn":[0.05335325813],"iteration":415,"passed_time":0.9566338017,"remaining_time":1.342966683},
{"learn":[0.05326762929],"iteration":416,"passed_time":0.9589505753,"remaining_time":1.340691092},
{"learn":[0.05317466588],"iteration":417,"passed_time":0.9620108352,"remaining_time":1.339450493},
{"learn":[0.05303229859],"iteration":418,"passed_time":0.9646245211,"remaining_time":1.337581973},
{"learn":[0.05289126816],"iteration":419,"passed_time":0.9673316844,"remaining_time":1.335838993},
{"learn":[0.05281406628],"iteration":420,"passed_time":0.9712412035,"remaining_time":1.335745028},
{"learn":[0.05262500388],"iteration":421,"passed_time":0.9739388847,"remaining_time":1.333973164},
{"learn":[0.05242083813],"iteration":422,"passed_time":0.9769957717,"remaining_time":1.332686904},
{"learn":[0.05225381091],"iteration":423,"passed_time":0.9794516613,"remaining_time":1.330575842},
{"learn":[0.05215244411],"iteration":424,"passed_time":0.9824073459,"remaining_time":1.32913935},
{"learn":[0.05209918413],"iteration":425,"passed_time":0.9864503276,"remaining_time":1.32916077},
{"learn":[0.05202981706],"iteration":426,"passed_time":0.9899265743,"remaining_time":1.328402639},
{"learn":[0.05186444641],"iteration":427,"passed_time":0.9933012266,"remaining_time":1.327496032},
{"learn":[0.05179788605],"iteration":428,"passed_time":0.9958753513,"remaining_time":1.325512414},
{"learn":[0.051691559],"iteration":429,"passed_time":0.9982617103,"remaining_time":1.323277151},
{"learn":[0.0516588538],"iteration":430,"passed_time":1.001830994,"remaining_time":1.322602866},
{"learn":[0.05154200928],"iteration":431,"passed_time":1.004824004,"remaining_time":1.321157486},
{"learn":[0.05139002542],"iteration":432,"passed_time":1.007427993,"remaining_time":1.319195548},
{"learn":[0.05130530461],"iteration":433,"passed_time":1.010064643,"remaining_time":1.317273244},
{"learn":[0.05120663238],"iteration":434,"passed_time":1.01259798,"remaining_time":1.315213468},
{"learn":[0.05115110484],"iteration":435,"passed_time":1.016493798,"remaining_time":1.314913995},
{"learn":[0.05107826541],"iteration":436,"passed_time":1.019985364,"remaining_time":1.314077253},
{"learn":[0.05095187023],"iteration":437,"passed_time":1.022881002,"remaining_time":1.312463752},
{"learn":[0.05086478958],"iteration":438,"passed_time":1.026438464,"remaining_time":1.311690156},
{"learn":[0.05072305027],"iteration":439,"passed_time":1.029384179,"remaining_time":1.310125319},
{"learn":[0.05061181653],"iteration":440,"passed_time":1.033496504,"remaining_time":1.310032983},
{"learn":[0.05054208593],"iteration":441,"passed_time":1.036450182,"remaining_time":1.308459732},
{"learn":[0.05040961867],"iteration":442,"passed_time":1.039511226,"remaining_time":1.307015244},
{"learn":[0.05030844846],"iteration":443,"passed_time":1.042048555,"remaining_time":1.30490765},
{"learn":[0.05023040115],"iteration":444,"passed_time":1.044886026,"remaining_time":1.30317246},
{"learn":[0.05011840792],"iteration":445,"passed_time":1.048809357,"remaining_time":1.302781129},
{"learn":[0.05005441522],"iteration":446,"passed_time":1.051364934,"remaining_time":1.300681898},
{"learn":[0.04991824353],"iteration":447,"passed_time":1.05426658,"remaining_time":1.299007036},
{"learn":[0.04983098805],"iteration":448,"passed_time":1.057308581,"remaining_time":1.29749895},
{"learn":[0.04968306711],"iteration":449,"passed_time":1.060828073,"remaining_time":1.296567645},
{"learn":[0.04960469412],"iteration":450,"passed_time":1.064778868,"remaining_time":1.296149886},
{"learn":[0.04954727779],"iteration":451,"passed_time":1.068372399,"remaining_time":1.295283351},
{"learn":[0.04949132436],"iteration":452,"passed_time":1.071781993,"remaining_time":1.294182671},
{"learn":[0.04942886028],"iteration":453,"passed_time":1.075522603,"remaining_time":1.293469914},
{"learn":[0.04933625606],"iteration":454,"passed_time":1.080377093,"remaining_time":1.294078056},
{"learn":[0.04923517637],"iteration":455,"passed_time":1.084820423,"remaining_time":1.294171732},
{"learn":[0.04915234004],"iteration":456,"passed_time":1.087974306,"remaining_time":1.292713453},
{"learn":[0.0490194629],"iteration":457,"passed_time":1.090599745,"remaining_time":1.290622406},
{"learn":[0.04891797712],"iteration":458,"passed_time":1.094164734,"remaining_time":1.289636429},
{"learn":[0.04878979562],"iteration":459,"passed_time":1.096856417,"remaining_time":1.287614054},
{"learn":[0.04868522154],"iteration":460,"passed_time":1.09944122,"remaining_time":1.285463813},
{"learn":[0.04862073694],"iteration":461,"passed_time":1.101875184,"remaining_time":1.283136037},
{"learn":[0.0485281932],"iteration":462,"passed_time":1.104320121,"remaining_time":1.280820529},
{"learn":[0.0484870348],"iteration":463,"passed_time":1.107891599,"remaining_time":1.279805812},
{"learn":[0.04837326743],"iteration":464,"passed_time":1.111003874,"remaining_time":1.278251769},
{"learn":[0.04825279327],"iteration":465,"passed_time":1.113978347,"remaining_time":1.276533128},
{"learn":[0.04808121449],"iteration":466,"passed_time":1.116546564,"remaining_time":1.274345436},
{"learn":[0.04796632565],"iteration":467,"passed_time":1.119184689,"remaining_time":1.272235587},
{"learn":[0.04791331564],"iteration":468,"passed_time":1.12217397,"remaining_time":1.270521062},
{"learn":[0.04777462386],"iteration":469,"passed_time":1.125259458,"remaining_time":1.268909602},
{"learn":[0.04767657225],"iteration":470,"passed_time":1.128082701,"remaining_time":1.266997343},
{"learn":[0.0475709968],"iteration":471,"passed_time":1.131223884,"remaining_time":1.265436887},
{"learn":[0.04747974739],"iteration":472,"passed_time":1.134277161,"remaining_time":1.263771805},
{"learn":[0.0474102595],"iteration":473,"passed_time":1.137864603,"remaining_time":1.262693631},
{"learn":[0.04729958517],"iteration":474,"passed_time":1.140902821,"remaining_time":1.260997855},
{"learn":[0.04715927536],"iteration":475,"passed_time":1.143314383,"remaining_time":1.25860659},
{"learn":[0.04708602365],"iteration":476,"passed_time":1.145958433,"remaining_time":1.256470148},
{"learn":[0.04697176624],"iteration":477,"passed_time":1.148353364,"remaining_time":1.254059532},
{"learn":[0.04693494043],"iteration":478,"passed_time":1.150918535,"remaining_time":1.251834147},
{"learn":[0.04685564961],"iteration":479,"passed_time":1.154568773,"remaining_time":1.250782838},
{"learn":[0.0467793293],"iteration":480,"passed_time":1.157053215,"remaining_time":1.248462824},
{"learn":[0.04662412783],"iteration":481,"passed_time":1.159827694,"remaining_time":1.246453829},
{"learn":[0.04655342447],"iteration":482,"passed_time":1.162676613,"remaining_time":1.244521343},
{"learn":[0.04648725467],"iteration":483,"passed_time":1.16533813,"remaining_time":1.242385279},
{"learn":[0.04636475118],"iteration":484,"passed_time":1.168827152,"remaining_time":1.241125738},
{"learn":[0.0463230908],"iteration":485,"passed_time":1.17141068,"remaining_time":1.238899361},
{"learn":[0.04618376994],"iteration":486,"passed_time":1.173995339,"remaining_time":1.236672708},
{"learn":[0.04612251414],"iteration":487,"passed_time":1.176410042,"remaining_time":1.234266274},
{"learn":[0.04602491787],"iteration":488,"passed_time":1.178964198,"remaining_time":1.232005532},
{"learn":[0.04596322353],"iteration":489,"passed_time":1.181451353,"remaining_time":1.229673858},
{"learn":[0.0458735214],"iteration":490,"passed_time":1.185513433,"remaining_time":1.22897421},
{"learn":[0.04580182702],"iteration":491,"passed_time":1.188049083,"remaining_time":1.226684826},
{"learn":[0.04568565685],"iteration":492,"passed_time":1.190501823,"remaining_time":1.224309177},
{"learn":[0.04556185736],"iteration":493,"passed_time":1.192874147,"remaining_time":1.221850846},
{"learn":[0.04552703822],"iteration":494,"passed_time":1.195277563,"remaining_time":1.219424585},
{"learn":[0.04545484404],"iteration":495,"passed_time":1.197832993,"remaining_time":1.21715288},
{"learn":[0.04536775457],"iteration":496,"passed_time":1.201297106,"remaining_time":1.215799687},
{"learn":[0.04530716669],"iteration":497,"passed_time":1.204029607,"remaining_time":1.213700528},
{"learn":[0.04523001011],"iteration":498,"passed_time":1.206508042,"remaining_time":1.211343746},
{"learn":[0.04514552768],"iteration":499,"passed_time":1.209009116,"remaining_time":1.209009116},
{"learn":[0.04506194322],"iteration":500,"passed_time":1.211423895,"remaining_time":1.206587871},
{"learn":[0.04495703653],"iteration":501,"passed_time":1.214817136,"remaining_time":1.205137319},
{"learn":[0.04488878334],"iteration":502,"passed_time":1.217679986,"remaining_time":1.203154977},
{"learn":[0.0447508442],"iteration":503,"passed_time":1.220225725,"remaining_time":1.200857063},
{"learn":[0.04461975808],"iteration":504,"passed_time":1.223243574,"remaining_time":1.199020929},
{"learn":[0.04456450087],"iteration":505,"passed_time":1.225867088,"remaining_time":1.196795141},
{"learn":[0.04448676242],"iteration":506,"passed_time":1.22845278,"remaining_time":1.194531007},
{"learn":[0.04440638517],"iteration":507,"passed_time":1.232074428,"remaining_time":1.193268934},
{"learn":[0.04438878827],"iteration":508,"passed_time":1.234505825,"remaining_time":1.19084943},
{"learn":[0.04427690271],"iteration":509,"passed_time":1.237577878,"remaining_time":1.189045412},
{"learn":[0.04416228337],"iteration":510,"passed_time":1.24003262,"remaining_time":1.186645697},
{"learn":[0.04411101459],"iteration":511,"passed_time":1.242539091,"remaining_time":1.184295071},
{"learn":[0.04402360889],"iteration":512,"passed_time":1.246375316,"remaining_time":1.183206197},
{"learn":[0.04396580416],"iteration":513,"passed_time":1.248843324,"remaining_time":1.180812948},
{"learn":[0.04389483065],"iteration":514,"passed_time":1.251323794,"remaining_time":1.178431146},
{"learn":[0.04382556672],"iteration":515,"passed_time":1.253704812,"remaining_time":1.175955677},
{"learn":[0.04373705843],"iteration":516,"passed_time":1.256232208,"remaining_time":1.173617324},
{"learn":[0.04366009175],"iteration":517,"passed_time":1.25866096,"remaining_time":1.171186453},
{"learn":[0.04355997392],"iteration":518,"passed_time":1.262224111,"remaining_time":1.169806932},
{"learn":[0.04350412549],"iteration":519,"passed_time":1.264945186,"remaining_time":1.167641711},
{"learn":[0.04341887603],"iteration":520,"passed_time":1.268277163,"remaining_time":1.166036009},
{"learn":[0.04335158431],"iteration":521,"passed_time":1.271958757,"remaining_time":1.164743843},
{"learn":[0.04328213345],"iteration":522,"passed_time":1.277721517,"remaining_time":1.165340657},
{"learn":[0.04318345482],"iteration":523,"passed_time":1.281236045,"remaining_time":1.163870911},
{"learn":[0.04307826284],"iteration":524,"passed_time":1.284842384,"remaining_time":1.162476443},
{"learn":[0.04302928051],"iteration":525,"passed_time":1.288491858,"remaining_time":1.161112434},
{"learn":[0.04295606979],"iteration":526,"passed_time":1.295343336,"remaining_time":1.162613658},
{"learn":[0.04284516072],"iteration":527,"passed_time":1.298745436,"remaining_time":1.160999708},
{"learn":[0.04271888724],"iteration":528,"passed_time":1.301359102,"remaining_time":1.158677007},
{"learn":[0.04263619062],"iteration":529,"passed_time":1.304091302,"remaining_time":1.156458325},
{"learn":[0.04257726274],"iteration":530,"passed_time":1.307651946,"remaining_time":1.154969422},
{"learn":[0.04253468432],"iteration":531,"passed_time":1.310523449,"remaining_time":1.152866492},
{"learn":[0.04246937248],"iteration":532,"passed_time":1.313146277,"remaining_time":1.150542798},
{"learn":[0.04238894646],"iteration":533,"passed_time":1.315879976,"remaining_time":1.148314736},
{"learn":[0.04232543022],"iteration":534,"passed_time":1.31862057,"remaining_time":1.146090775},
{"learn":[0.04228330876],"iteration":535,"passed_time":1.321936466,"remaining_time":1.14436291},
{"learn":[0.04221440874],"iteration":536,"passed_time":1.325141721,"remaining_time":1.142533738},
{"learn":[0.0421391648],"iteration":537,"passed_time":1.327699602,"remaining_time":1.140143525},
{"learn":[0.04202777227],"iteration":538,"passed_time":1.330475821,"remaining_time":1.137939431},
{"learn":[0.0419354879],"iteration":539,"passed_time":1.333005341,"remaining_time":1.135523068},
{"learn":[0.04186790624],"iteration":540,"passed_time":1.335357005,"remaining_time":1.132955389},
{"learn":[0.04177757798],"iteration":541,"passed_time":1.339926661,"remaining_time":1.13226275},
{"learn":[0.04172002802],"iteration":542,"passed_time":1.342609083,"remaining_time":1.129967497},
{"learn":[0.04164317502],"iteration":543,"passed_time":1.345399527,"remaining_time":1.127761369},
{"learn":[0.04160973972],"iteration":544,"passed_time":1.347840225,"remaining_time":1.125261105},
{"learn":[0.04155808024],"iteration":545,"passed_time":1.350230747,"remaining_time":1.122719339},
{"learn":[0.04149412718],"iteration":546,"passed_time":1.353783756,"remaining_time":1.121140843},
{"learn":[0.04141040552],"iteration":547,"passed_time":1.356291642,"remaining_time":1.118693106},
{"learn":[0.04135607052],"iteration":548,"passed_time":1.35886145,"remaining_time":1.116296018},
{"learn":[0.04128580044],"iteration":549,"passed_time":1.361593785,"remaining_time":1.114031279},
{"learn":[0.04119518799],"iteration":550,"passed_time":1.364084358,"remaining_time":1.111567834},
{"learn":[0.04114943805],"iteration":551,"passed_time":1.366479904,"remaining_time":1.109027169},
{"learn":[0.04106617198],"iteration":552,"passed_time":1.370268316,"remaining_time":1.107612906},
{"learn":[0.04103361808],"iteration":553,"passed_time":1.372638324,"remaining_time":1.105048181},
{"learn":[0.04096281679],"iteration":554,"passed_time":1.375270643,"remaining_time":1.10269448},
{"learn":[0.04086640655],"iteration":555,"passed_time":1.377626867,"remaining_time":1.100119297},
{"learn":[0.04082943353],"iteration":556,"passed_time":1.380378349,"remaining_time":1.097859261},
{"learn":[0.04074993394],"iteration":557,"passed_time":1.3840409,"remaining_time":1.096319136},
{"learn":[0.04067682792],"iteration":558,"passed_time":1.386633778,"remaining_time":1.093927542},
{"learn":[0.04063556815],"iteration":559,"passed_time":1.389619993,"remaining_time":1.09184428},
{"learn":[0.04057270365],"iteration":560,"passed_time":1.391999312,"remaining_time":1.089282884},
{"learn":[0.04050487149],"iteration":561,"passed_time":1.394540979,"remaining_time":1.086848663},
{"learn":[0.04045375558],"iteration":562,"passed_time":1.397292308,"remaining_time":1.0845768},
{"learn":[0.04039678995],"iteration":563,"passed_time":1.400495648,"remaining_time":1.082652664},
{"learn":[0.0403040251],"iteration":564,"passed_time":1.403636437,"remaining_time":1.080675841},
{"learn":[0.04023125419],"iteration":565,"passed_time":1.406282123,"remaining_time":1.078315268},
{"learn":[0.04016935882],"iteration":566,"passed_time":1.409286093,"remaining_time":1.076227298},
{"learn":[0.04012525856],"iteration":567,"passed_time":1.41168631,"remaining_time":1.073676912},
{"learn":[0.04005818486],"iteration":568,"passed_time":1.415313906,"remaining_time":1.072056755},
{"learn":[0.03999258552],"iteration":569,"passed_time":1.417926998,"remaining_time":1.069664226},
{"learn":[0.03994756573],"iteration":570,"passed_time":1.420374857,"remaining_time":1.067146784},
{"learn":[0.03990365573],"iteration":571,"passed_time":1.423122479,"remaining_time":1.064853883},
{"learn":[0.03983733522],"iteration":572,"passed_time":1.425675906,"remaining_time":1.06241468},
{"learn":[0.03976170954],"iteration":573,"passed_time":1.428566729,"remaining_time":1.060225482},
{"learn":[0.03968587247],"iteration":574,"passed_time":1.432034798,"remaining_time":1.058460503},
{"learn":[0.03956019327],"iteration":575,"passed_time":1.4344369,"remaining_time":1.055904941},
{"learn":[0.03951993019],"iteration":576,"passed_time":1.437250845,"remaining_time":1.053651832},
{"learn":[0.03947138567],"iteration":577,"passed_time":1.43962443,"remaining_time":1.051075276},
{"learn":[0.03939501427],"iteration":578,"passed_time":1.442016641,"remaining_time":1.048512963},
{"learn":[0.03932616436],"iteration":579,"passed_time":1.445986623,"remaining_time":1.047093761},
{"learn":[0.03927291322],"iteration":580,"passed_time":1.448470816,"remaining_time":1.044594272},
{"learn":[0.03922595046],"iteration":581,"passed_time":1.451207119,"remaining_time":1.042275904},
{"learn":[0.03914859174],"iteration":582,"passed_time":1.453733454,"remaining_time":1.039805918},
{"learn":[0.03910477479],"iteration":583,"passed_time":1.456174409,"remaining_time":1.037274922},
{"learn":[0.03904726892],"iteration":584,"passed_time":1.459027781,"remaining_time":1.035036802},
{"learn":[0.03900367868],"iteration":585,"passed_time":1.462689073,"remaining_time":1.033367365},
{"learn":[0.03896851383],"iteration":586,"passed_time":1.465217307,"remaining_time":1.030893948},
{"learn":[0.03889182524],"iteration":587,"passed_time":1.467773568,"remaining_time":1.028439983},
{"learn":[0.03880551741],"iteration":588,"passed_time":1.47024724,"remaining_time":1.02592804},
{"learn":[0.03871660804],"iteration":589,"passed_time":1.472622,"remaining_time":1.023347491},
{"learn":[0.03866678244],"iteration":590,"passed_time":1.476657626,"remaining_time":1.021917038},
{"learn":[0.03858640454],"iteration":591,"passed_time":1.479015638,"remaining_time":1.019321589},
{"learn":[0.03852667282],"iteration":592,"passed_time":1.482255716,"remaining_time":1.017332338},
{"learn":[0.03846999849],"iteration":593,"passed_time":1.486960379,"remaining_time":1.016339922},
{"learn":[0.03840596097],"iteration":594,"passed_time":1.493476171,"remaining_time":1.016567814},
{"learn":[0.03833022073],"iteration":595,"passed_time":1.501487553,"remaining_time":1.017786865},
{"learn":[0.03828050673],"iteration":596,"passed_time":1.509695586,"remaining_time":1.019107741},
{"learn":[0.038186036],"iteration":597,"passed_time":1.513660386,"remaining_time":1.017544273},
{"learn":[0.03813177202],"iteration":598,"passed_time":1.516466562,"remaining_time":1.015197147},
{"learn":[0.03804442287],"iteration":599,"passed_time":1.51906063,"remaining_time":1.012707087},
{"learn":[0.03799172829],"iteration":600,"passed_time":1.523236395,"remaining_time":1.011266758},
{"learn":[0.03793960518],"iteration":601,"passed_time":1.526076897,"remaining_time":1.00893456},
{"learn":[0.03789328824],"iteration":602,"passed_time":1.528987254,"remaining_time":1.006646666},
{"learn":[0.03782289157],"iteration":603,"passed_time":1.531920548,"remaining_time":1.00437175},
{"learn":[0.03776257467],"iteration":604,"passed_time":1.534726907,"remaining_time":1.002011782},
{"learn":[0.03767524111],"iteration":605,"passed_time":1.53826292,"remaining_time":1.000124737},
{"learn":[0.03759874338],"iteration":606,"passed_time":1.540763112,"remaining_time":0.9975616193},
{"learn":[0.03754080292],"iteration":607,"passed_time":1.543167772,"remaining_time":0.994937116},
{"learn":[0.03750389952],"iteration":608,"passed_time":1.545847637,"remaining_time":0.9924900266},
{"learn":[0.03743588035],"iteration":609,"passed_time":1.548220728,"remaining_time":0.9898460394},
{"learn":[0.0373619661],"iteration":610,"passed_time":1.550701379,"remaining_time":0.987271418},
{"learn":[0.03728248397],"iteration":611,"passed_time":1.554983306,"remaining_time":0.9858390895},
{"learn":[0.03722431424],"iteration":612,"passed_time":1.557622721,"remaining_time":0.9833605109},
{"learn":[0.03713069275],"iteration":613,"passed_time":1.560315232,"remaining_time":0.9809147876},
{"learn":[0.0370486852],"iteration":614,"passed_time":1.562874379,"remaining_time":0.9783847737},
{"learn":[0.03699570128],"iteration":615,"passed_time":1.565273875,"remaining_time":0.9757551429},
{"learn":[0.03693927081],"iteration":616,"passed_time":1.569065525,"remaining_time":0.9739904311},
{"learn":[0.03687176033],"iteration":617,"passed_time":1.571512976,"remaining_time":0.9713882799},
{"learn":[0.03683684611],"iteration":618,"passed_time":1.574065612,"remaining_time":0.96885137},
{"learn":[0.03677405939],"iteration":619,"passed_time":1.576678815,"remaining_time":0.9663515316},
{"learn":[0.03670583],"iteration":620,"passed_time":1.579264961,"remaining_time":0.9638348151},
{"learn":[0.0366474633],"iteration":621,"passed_time":1.581881705,"remaining_time":0.9613364703},
{"learn":[0.0365668244],"iteration":622,"passed_time":1.585680756,"remaining_time":0.9595532024},
{"learn":[0.03650899153],"iteration":623,"passed_time":1.588602568,"remaining_time":0.957234881},
{"learn":[0.03645644763],"iteration":624,"passed_time":1.59127786,"remaining_time":0.9547667161},
{"learn":[0.03639597092],"iteration":625,"passed_time":1.59392184,"remaining_time":0.9522791823},
{"learn":[0.03634004658],"iteration":626,"passed_time":1.596268387,"remaining_time":0.9496142082},
{"learn":[0.03630742271],"iteration":627,"passed_time":1.599901458,"remaining_time":0.9477123286},
{"learn":[0.03623562113],"iteration":628,"passed_time":1.603291475,"remaining_time":0.9456615855},
{"learn":[0.03621096438],"iteration":629,"passed_time":1.605990284,"remaining_time":0.9432006429},
{"learn":[0.03615585151],"iteration":630,"passed_time":1.609719094,"remaining_time":0.9413412768},
{"learn":[0.03608217719],"iteration":631,"passed_time":1.612392991,"remaining_time":0.9388617415},
{"learn":[0.03604868852],"iteration":632,"passed_time":1.61633439,"remaining_time":0.937116463},
{"learn":[0.03600359756],"iteration":633,"passed_time":1.618749935,"remaining_time":0.9344834012},
{"learn":[0.0359250206],"iteration":634,"passed_time":1.621096099,"remaining_time":0.9318111437},
{"learn":[0.03588036064],"iteration":635,"passed_time":1.623840099,"remaining_time":0.9293676039},
{"learn":[0.03583725882],"iteration":636,"passed_time":1.626351565,"remaining_time":0.9267906094},
{"learn":[0.03577903265],"iteration":637,"passed_time":1.63002242,"remaining_time":0.9248716554},
{"learn":[0.03569078858],"iteration":638,"passed_time":1.632706142,"remaining_time":0.9223895417},
{"learn":[0.03563710929],"iteration":639,"passed_time":1.635356093,"remaining_time":0.9198878025},
{"learn":[0.03560625784],"iteration":640,"passed_time":1.638075367,"remaining_time":0.9174244254},
{"learn":[0.03555692504],"iteration":641,"passed_time":1.64052867,"remaining_time":0.9148119374},
{"learn":[0.03545487674],"iteration":642,"passed_time":1.643144332,"remaining_time":0.9122900879},
{"learn":[0.03541645564],"iteration":643,"passed_time":1.646741779,"remaining_time":0.9103106727},
{"learn":[0.03532202063],"iteration":644,"passed_time":1.649354869,"remaining_time":0.9077844626},
{"learn":[0.03525409582],"iteration":645,"passed_time":1.652087368,"remaining_time":0.9053234183},
{"learn":[0.03521372162],"iteration":646,"passed_time":1.654511495,"remaining_time":0.9026932884},
{"learn":[0.03516973557],"iteration":647,"passed_time":1.657036989,"remaining_time":0.9001188582},
{"learn":[0.03512392848],"iteration":648,"passed_time":1.660686757,"remaining_time":0.8981526223},
{"learn":[0.0350392971],"iteration":649,"passed_time":1.663221379,"remaining_time":0.8955807426},
{"learn":[0.03500219053],"iteration":650,"passed_time":1.66595182,"remaining_time":0.8931139558},
{"learn":[0.03494335493],"iteration":651,"passed_time":1.669119055,"remaining_time":0.8908794955},
{"learn":[0.03487022387],"iteration":652,"passed_time":1.672463323,"remaining_time":0.8887362528},
{"learn":[0.03482859618],"iteration":653,"passed_time":1.677268628,"remaining_time":0.8873623017},
{"learn":[0.03478256421],"iteration":654,"passed_time":1.680470713,"remaining_time":0.8851334288},
{"learn":[0.03472922061],"iteration":655,"passed_time":1.683776261,"remaining_time":0.8829558441},
{"learn":[0.03465802437],"iteration":656,"passed_time":1.687373094,"remaining_time":0.8809268969},
{"learn":[0.03459256815],"iteration":657,"passed_time":1.693344372,"remaining_time":0.8801273179},
{"learn":[0.03454332966],"iteration":658,"passed_time":1.698385555,"remaining_time":0.878830765},
{"learn":[0.03450779015],"iteration":659,"passed_time":1.702402014,"remaining_time":0.8769949769},
{"learn":[0.03445778265],"iteration":660,"passed_time":1.707208764,"remaining_time":0.8755578988},
{"learn":[0.03441357738],"iteration":661,"passed_time":1.710437269,"remaining_time":0.873304829},
{"learn":[0.03435649966],"iteration":662,"passed_time":1.712879036,"remaining_time":0.8706489215},
{"learn":[0.03429437046],"iteration":663,"passed_time":1.715619609,"remaining_time":0.8681448626},
{"learn":[0.03424881085],"iteration":664,"passed_time":1.718799019,"remaining_time":0.8658611599},
{"learn":[0.03420100733],"iteration":665,"passed_time":1.724050556,"remaining_time":0.8646139424},
{"learn":[0.03416063642],"iteration":666,"passed_time":1.726549309,"remaining_time":0.8619803898},
{"learn":[0.03409645233],"iteration":667,"passed_time":1.729114688,"remaining_time":0.8593803542},
{"learn":[0.03404423102],"iteration":668,"passed_time":1.73152311,"remaining_time":0.8567027644},
{"learn":[0.03398240978],"iteration":669,"passed_time":1.734062631,"remaining_time":0.8540905498},
{"learn":[0.03392627943],"iteration":670,"passed_time":1.737352266,"remaining_time":0.8518463422},
{"learn":[0.03388328386],"iteration":671,"passed_time":1.740422384,"remaining_time":0.849491878},
{"learn":[0.03384430411],"iteration":672,"passed_time":1.742887935,"remaining_time":0.8468415373},
{"learn":[0.03379885788],"iteration":673,"passed_time":1.745292921,"remaining_time":0.8441624513},
{"learn":[0.03375999352],"iteration":674,"passed_time":1.747886655,"remaining_time":0.8415750559},
{"learn":[0.03371950413],"iteration":675,"passed_time":1.750394371,"remaining_time":0.8389464146},
{"learn":[0.03367485747],"iteration":676,"passed_time":1.754161354,"remaining_time":0.8369189327},
{"learn":[0.03362336831],"iteration":677,"passed_time":1.756935792,"remaining_time":0.8344149337},
{"learn":[0.03358547417],"iteration":678,"passed_time":1.759293589,"remaining_time":0.8317131695},
{"learn":[0.03349481096],"iteration":679,"passed_time":1.761982477,"remaining_time":0.8291682247},
{"learn":[0.03344937796],"iteration":680,"passed_time":1.764437614,"remaining_time":0.8265133612},
{"learn":[0.033413483],"iteration":681,"passed_time":1.767203358,"remaining_time":0.8240039118},
{"learn":[0.03335630715],"iteration":682,"passed_time":1.770270072,"remaining_time":0.8216334009},
{"learn":[0.03331176217],"iteration":683,"passed_time":1.772670427,"remaining_time":0.8189530043},
{"learn":[0.0332669952],"iteration":684,"passed_time":1.775116186,"remaining_time":0.8162943043},
{"learn":[0.03320051734],"iteration":685,"passed_time":1.778063061,"remaining_time":0.8138655995},
{"learn":[0.03315107006],"iteration":686,"passed_time":1.780459623,"remaining_time":0.8111846609},
{"learn":[0.03311136894],"iteration":687,"passed_time":1.783857208,"remaining_time":0.8089585011},
{"learn":[0.03303893909],"iteration":688,"passed_time":1.787282809,"remaining_time":0.8067415872},
{"learn":[0.03300920041],"iteration":689,"passed_time":1.789872075,"remaining_time":0.804145425},
{"learn":[0.03296466539],"iteration":690,"passed_time":1.792754009,"remaining_time":0.8016801575},
{"learn":[0.03293501336],"iteration":691,"passed_time":1.79538351,"remaining_time":0.799101331},
{"learn":[0.03288465409],"iteration":692,"passed_time":1.798518125,"remaining_time":0.7967461248},
{"learn":[0.03284914853],"iteration":693,"passed_time":1.80166507,"remaining_time":0.7943941086},
{"learn":[0.03280470724],"iteration":694,"passed_time":1.804175967,"remaining_time":0.7917606762},
{"learn":[0.03274485659],"iteration":695,"passed_time":1.806848443,"remaining_time":0.7891981706},
{"learn":[0.03267898802],"iteration":696,"passed_time":1.809417455,"remaining_time":0.7865903713},
{"learn":[0.03265345259],"iteration":697,"passed_time":1.811794498,"remaining_time":0.7838996254},
{"learn":[0.03261262717],"iteration":698,"passed_time":1.815841015,"remaining_time":0.7819286776},
{"learn":[0.03258161298],"iteration":699,"passed_time":1.818230868,"remaining_time":0.7792418005},
{"learn":[0.0325628931],"iteration":700,"passed_time":1.820549815,"remaining_time":0.7765255273},
{"learn":[0.03252604236],"iteration":701,"passed_time":1.823106479,"remaining_time":0.7739112973},
{"learn":[0.03248551689],"iteration":702,"passed_time":1.82571631,"remaining_time":0.7713196927},
{"learn":[0.03244816975],"iteration":703,"passed_time":1.828512447,"remaining_time":0.7688063697},
{"learn":[0.03239903466],"iteration":704,"passed_time":1.832416507,"remaining_time":0.7667558434},
{"learn":[0.03233963378],"iteration":705,"passed_time":1.834991197,"remaining_time":0.7641464759},
{"learn":[0.03227952848],"iteration":706,"passed_time":1.838347914,"remaining_time":0.7618612994},
{"learn":[0.03224974956],"iteration":707,"passed_time":1.842545861,"remaining_time":0.7599200445},
{"learn":[0.03216964615],"iteration":708,"passed_time":1.84790078,"remaining_time":0.7584472878},
{"learn":[0.03214210893],"iteration":709,"passed_time":1.851956629,"remaining_time":0.7564329892},
{"learn":[0.03212112577],"iteration":710,"passed_time":1.85597412,"remaining_time":0.7543973569},
{"learn":[0.03206995005],"iteration":711,"passed_time":1.862128717,"remaining_time":0.7532206047},
{"learn":[0.03203056671],"iteration":712,"passed_time":1.867755829,"remaining_time":0.7518175639},
{"learn":[0.03198497493],"iteration":713,"passed_time":1.873494139,"remaining_time":0.7504472323},
{"learn":[0.03195811485],"iteration":714,"passed_time":1.879115636,"remaining_time":0.7490181207},
{"learn":[0.03192410439],"iteration":715,"passed_time":1.882352722,"remaining_time":0.7466315265},
{"learn":[0.03188173775],"iteration":716,"passed_time":1.885157303,"remaining_time":0.7440718505},
{"learn":[0.03183761209],"iteration":717,"passed_time":1.88806371,"remaining_time":0.7415514851},
{"learn":[0.03176144121],"iteration":718,"passed_time":1.89223141,"remaining_time":0.7395229849},
{"learn":[0.03172801654],"iteration":719,"passed_time":1.895576157,"remaining_time":0.7371685054},
{"learn":[0.03170687671],"iteration":720,"passed_time":1.898622629,"remaining_time":0.7346958577},
{"learn":[0.03168005634],"iteration":721,"passed_time":1.901936263,"remaining_time":0.7323244889},
{"learn":[0.03165076191],"iteration":722,"passed_time":1.906050937,"remaining_time":0.7302574128},
{"learn":[0.03163310958],"iteration":723,"passed_time":1.909844162,"remaining_time":0.7280621392},
{"learn":[0.03159553662],"iteration":724,"passed_time":1.912772669,"remaining_time":0.7255344606},
{"learn":[0.03156020411],"iteration":725,"passed_time":1.915537866,"remaining_time":0.7229440432},
{"learn":[0.03150382425],"iteration":726,"passed_time":1.918821183,"remaining_time":0.7205477068},
{"learn":[0.03148760949],"iteration":727,"passed_time":1.923073781,"remaining_time":0.718511083},
{"learn":[0.03146968213],"iteration":728,"passed_time":1.926201193,"remaining_time":0.7160501006},
{"learn":[0.03143403826],"iteration":729,"passed_time":1.929288308,"remaining_time":0.7135723877},
{"learn":[0.03140534651],"iteration":730,"passed_time":1.932717688,"remaining_time":0.7112189576},
{"learn":[0.03137445275],"iteration":731,"passed_time":1.936473228,"remaining_time":0.7089820013},
{"learn":[0.03134214211],"iteration":732,"passed_time":1.940092217,"remaining_time":0.7066911622},
{"learn":[0.03129853004],"iteration":733,"passed_time":1.943030701,"remaining_time":0.7041500905},
{"learn":[0.03124499179],"iteration":734,"passed_time":1.94694608,"remaining_time":0.7019601513},
{"learn":[0.03119201767],"iteration":735,"passed_time":1.950447662,"remaining_time":0.699617096},
{"learn":[0.03116795948],"iteration":736,"passed_time":1.954028162,"remaining_time":0.697299059},
{"learn":[0.03111975456],"iteration":737,"passed_time":1.957111773,"remaining_time":0.6948011987},
{"learn":[0.03107675116],"iteration":738,"passed_time":1.960386252,"remaining_time":0.6923691636},
{"learn":[0.03104135559],"iteration":739,"passed_time":1.963597033,"remaining_time":0.689912471},
{"learn":[0.03101005133],"iteration":740,"passed_time":1.967814882,"remaining_time":0.6878057416},
{"learn":[0.03095773148],"iteration":741,"passed_time":1.971445084,"remaining_time":0.6854889914},
{"learn":[0.03091981751],"iteration":742,"passed_time":1.974976568,"remaining_time":0.6831345597},
{"learn":[0.03089992251],"iteration":743,"passed_time":1.978517393,"remaining_time":0.6807801781},
{"learn":[0.03084189815],"iteration":744,"passed_time":1.98277486,"remaining_time":0.678667905},
{"learn":[0.03082067432],"iteration":745,"passed_time":1.986570668,"remaining_time":0.6763926938},
{"learn":[0.03078575694],"iteration":746,"passed_time":1.990199912,"remaining_time":0.6740569983},
{"learn":[0.03075844828],"iteration":747,"passed_time":1.993938456,"remaining_time":0.671754667},
{"learn":[0.03073295417],"iteration":748,"passed_time":1.99862949,"remaining_time":0.6697676928},
{"learn":[0.03069369292],"iteration":749,"passed_time":2.002474184,"remaining_time":0.6674913947},
{"learn":[0.03062799711],"iteration":750,"passed_time":2.006049045,"remaining_time":0.6651214544},
{"learn":[0.03057404377],"iteration":751,"passed_time":2.009422668,"remaining_time":0.6626819438},
{"learn":[0.0305085601],"iteration":752,"passed_time":2.016320414,"remaining_time":0.6613959392},
{"learn":[0.03049490078],"iteration":753,"passed_time":2.02017079,"remaining_time":0.6591008146},
{"learn":[0.03045817648],"iteration":754,"passed_time":2.024493888,"remaining_time":0.6569549701},
{"learn":[0.03041322426],"iteration":755,"passed_time":2.030177235,"remaining_time":0.6552423879},
{"learn":[0.03038721258],"iteration":756,"passed_time":2.03454197,"remaining_time":0.6530960352},
{"learn":[0.0303369298],"iteration":757,"passed_time":2.039463496,"remaining_time":0.6511215909},
{"learn":[0.03029278313],"iteration":758,"passed_time":2.045817774,"remaining_time":0.6495943131},
{"learn":[0.03025259459],"iteration":759,"passed_time":2.04947683,"remaining_time":0.6472032096},
{"learn":[0.03023540563],"iteration":760,"passed_time":2.053689761,"remaining_time":0.644982724},
{"learn":[0.03020320222],"iteration":761,"passed_time":2.057757711,"remaining_time":0.6427117261},
{"learn":[0.03015997568],"iteration":762,"passed_time":2.062338766,"remaining_time":0.6405953964},
{"learn":[0.03009862322],"iteration":763,"passed_time":2.065942013,"remaining_time":0.6381705695},
{"learn":[0.03005854268],"iteration":764,"passed_time":2.069261817,"remaining_time":0.6356555909},
{"learn":[0.03002763721],"iteration":765,"passed_time":2.072979219,"remaining_time":0.6332599704},
{"learn":[0.03000618964],"iteration":766,"passed_time":2.077693377,"remaining_time":0.6311636986},
{"learn":[0.02996180088],"iteration":767,"passed_time":2.0814994,"remaining_time":0.6287862772},
{"learn":[0.02993506787],"iteration":768,"passed_time":2.085219054,"remaining_time":0.6263791956},
{"learn":[0.02988620531],"iteration":769,"passed_time":2.089935741,"remaining_time":0.6242665199},
{"learn":[0.02985921542],"iteration":770,"passed_time":2.09405962,"remaining_time":0.6219710157},
{"learn":[0.02981846657],"iteration":771,"passed_time":2.097730742,"remaining_time":0.6195370584},
{"learn":[0.02978252394],"iteration":772,"passed_time":2.102211639,"remaining_time":0.6173376998},
{"learn":[0.0297363736],"iteration":773,"passed_time":2.107625238,"remaining_time":0.6154047853},
{"learn":[0.02966367499],"iteration":774,"passed_time":2.111142569,"remaining_time":0.6129123587},
{"learn":[0.02964150277],"iteration":775,"passed_time":2.114961,"remaining_time":0.6105042061},
{"learn":[0.02960254686],"iteration":776,"passed_time":2.118415849,"remaining_time":0.6079880751},
{"learn":[0.02955170563],"iteration":777,"passed_time":2.123013162,"remaining_time":0.6057955296},
{"learn":[0.02951330265],"iteration":778,"passed_time":2.126516821,"remaining_time":0.6032865434},
{"learn":[0.02947557539],"iteration":779,"passed_time":2.130408911,"remaining_time":0.6008845646},
{"learn":[0.0294437227],"iteration":780,"passed_time":2.133625957,"remaining_time":0.5982894808},
{"learn":[0.02939180837],"iteration":781,"passed_time":2.13819066,"remaining_time":0.596068496},
{"learn":[0.02935201159],"iteration":782,"passed_time":2.141425522,"remaining_time":0.5934729736},
{"learn":[0.02931536518],"iteration":783,"passed_time":2.144581776,"remaining_time":0.5908541628},
{"learn":[0.02927914274],"iteration":784,"passed_time":2.147596976,"remaining_time":0.58819535},
{"learn":[0.02924754632],"iteration":785,"passed_time":2.151883579,"remaining_time":0.5858817886},
{"learn":[0.02923637795],"iteration":786,"passed_time":2.155454736,"remaining_time":0.5833695792},
{"learn":[0.02921039456],"iteration":787,"passed_time":2.158295283,"remaining_time":0.5806581218},
{"learn":[0.02916095333],"iteration":788,"passed_time":2.161401322,"remaining_time":0.5780173371},
{"learn":[0.02909066382],"iteration":789,"passed_time":2.164900025,"remaining_time":0.5754797535},
{"learn":[0.0290490591],"iteration":790,"passed_time":2.168815554,"remaining_time":0.5730498745},
{"learn":[0.02901030407],"iteration":791,"passed_time":2.171744939,"remaining_time":0.5703572568},
{"learn":[0.02898458912],"iteration":792,"passed_time":2.175270675,"remaining_time":0.5678197097},
{"learn":[0.02895475497],"iteration":793,"passed_time":2.178233236,"remaining_time":0.56513356},
{"learn":[0.0289083404],"iteration":794,"passed_time":2.182234948,"remaining_time":0.5627146722},
{"learn":[0.02886484166],"iteration":795,"passed_time":2.185984832,"remaining_time":0.5602272685},
{"learn":[0.02882514997],"iteration":796,"passed_time":2.189171909,"remaining_time":0.557593347},
{"learn":[0.02878204349],"iteration":797,"passed_time":2.192676062,"remaining_time":0.5550383015},
{"learn":[0.02873223052],"iteration":798,"passed_time":2.196054993,"remaining_time":0.5524493788},
{"learn":[0.02868756313],"iteration":799,"passed_time":2.200115802,"remaining_time":0.5500289504},
{"learn":[0.02864833314],"iteration":800,"passed_time":2.203090057,"remaining_time":0.5473344836},
{"learn":[0.0286041756],"iteration":801,"passed_time":2.206135163,"remaining_time":0.5446568108},
{"learn":[0.02857041501],"iteration":802,"passed_time":2.209277819,"remaining_time":0.5420021549},
{"learn":[0.02851262132],"iteration":803,"passed_time":2.21343251,"remaining_time":0.539593},
{"learn":[0.02846867783],"iteration":804,"passed_time":2.216391623,"remaining_time":0.5368898962},
{"learn":[0.02842804559],"iteration":805,"passed_time":2.219353407,"remaining_time":0.5341868003},
{"learn":[0.02838848414],"iteration":806,"passed_time":2.222373851,"remaining_time":0.5314970921},
{"learn":[0.02830518052],"iteration":807,"passed_time":2.225372114,"remaining_time":0.5288012943},
{"learn":[0.02829164087],"iteration":808,"passed_time":2.229433854,"remaining_time":0.5263558295},
{"learn":[0.02825539652],"iteration":809,"passed_time":2.232702229,"remaining_time":0.5237202758},
{"learn":[0.02822470454],"iteration":810,"passed_time":2.236566499,"remaining_time":0.5212220325},
{"learn":[0.028193817],"iteration":811,"passed_time":2.239755485,"remaining_time":0.5185640777},
{"learn":[0.02814934984],"iteration":812,"passed_time":2.247493342,"remaining_time":0.5169511132},
{"learn":[0.02810901318],"iteration":813,"passed_time":2.251570474,"remaining_time":0.5144866193},
{"learn":[0.02808588335],"iteration":814,"passed_time":2.255160944,"remaining_time":0.5119076989},
{"learn":[0.02805367186],"iteration":815,"passed_time":2.260381151,"remaining_time":0.5096937889},
{"learn":[0.02803717556],"iteration":816,"passed_time":2.26526856,"remaining_time":0.5073979761},
{"learn":[0.02801698772],"iteration":817,"passed_time":2.269062345,"remaining_time":0.5048525023},
{"learn":[0.0279656607],"iteration":818,"passed_time":2.273132792,"remaining_time":0.5023651225},
{"learn":[0.02790972826],"iteration":819,"passed_time":2.27942121,"remaining_time":0.5003607535},
{"learn":[0.0278704857],"iteration":820,"passed_time":2.283086196,"remaining_time":0.4977739697},
{"learn":[0.02783413449],"iteration":821,"passed_time":2.286286716,"remaining_time":0.4950839847},
{"learn":[0.02780590335],"iteration":822,"passed_time":2.290756509,"remaining_time":0.4926657376},
{"learn":[0.02776671286],"iteration":823,"passed_time":2.294603959,"remaining_time":0.4901095836},
{"learn":[0.02773166182],"iteration":824,"passed_time":2.297845277,"remaining_time":0.4874217255},
{"learn":[0.02770069764],"iteration":825,"passed_time":2.301606299,"remaining_time":0.484842005},
{"learn":[0.0276801385],"iteration":826,"passed_time":2.305837121,"remaining_time":0.4823577049},
{"learn":[0.02764231025],"iteration":827,"passed_time":2.309062139,"remaining_time":0.479660251},
{"learn":[0.02759376199],"iteration":828,"passed_time":2.312229169,"remaining_time":0.4769495632},
{"learn":[0.02755990151],"iteration":829,"passed_time":2.315768964,"remaining_time":0.4743141252},
{"learn":[0.02753320591],"iteration":830,"passed_time":2.320272031,"remaining_time":0.4718724106},
{"learn":[0.02750553174],"iteration":831,"passed_time":2.323633331,"remaining_time":0.4691951918},
{"learn":[0.02748991706],"iteration":832,"passed_time":2.326652998,"remaining_time":0.4664478399},
{"learn":[0.02744338913],"iteration":833,"passed_time":2.331100508,"remaining_time":0.463984034},
{"learn":[0.02741883632],"iteration":834,"passed_time":2.335744966,"remaining_time":0.4615543945},
{"learn":[0.0273705942],"iteration":835,"passed_time":2.339309636,"remaining_time":0.4589076319},
{"learn":[0.02735499421],"iteration":836,"passed_time":2.342299328,"remaining_time":0.456146703},
{"learn":[0.02729793915],"iteration":837,"passed_time":2.34527591,"remaining_time":0.4533826938},
{"learn":[0.02725341307],"iteration":838,"passed_time":2.34805886,"remaining_time":0.4505810208},
{"learn":[0.02723262218],"iteration":839,"passed_time":2.352230905,"remaining_time":0.4480439819},
{"learn":[0.02720258883],"iteration":840,"passed_time":2.355075486,"remaining_time":0.4452520836},
{"learn":[0.02716780026],"iteration":841,"passed_time":2.358497229,"remaining_time":0.4425683636},
{"learn":[0.02714866402],"iteration":842,"passed_time":2.361339124,"remaining_time":0.4397749021},
{"learn":[0.02709106901],"iteration":843,"passed_time":2.364466696,"remaining_time":0.4370341287},
{"learn":[0.0270669086],"iteration":844,"passed_time":2.367817684,"remaining_time":0.4343334214},
{"learn":[0.0270345657],"iteration":845,"passed_time":2.37067823,"remaining_time":0.4315419001},
{"learn":[0.02699370321],"iteration":846,"passed_time":2.374041398,"remaining_time":0.4288410081},
{"learn":[0.02697229997],"iteration":847,"passed_time":2.376999522,"remaining_time":0.426065952},
{"learn":[0.02693444459],"iteration":848,"passed_time":2.381258126,"remaining_time":0.4235217633},
{"learn":[0.02691186673],"iteration":849,"passed_time":2.38542947,"remaining_time":0.4209581418},
{"learn":[0.02688892417],"iteration":850,"passed_time":2.388467716,"remaining_time":0.4181923499},
{"learn":[0.02686162534],"iteration":851,"passed_time":2.391566172,"remaining_time":0.4154363773},
{"learn":[0.02683314245],"iteration":852,"passed_time":2.395037635,"remaining_time":0.4127438832},
{"learn":[0.02680444978],"iteration":853,"passed_time":2.399209416,"remaining_time":0.4101692913},
{"learn":[0.02675305483],"iteration":854,"passed_time":2.401805159,"remaining_time":0.407323682},
{"learn":[0.0267139352],"iteration":855,"passed_time":2.404561209,"remaining_time":0.404505624},
{"learn":[0.02665035155],"iteration":856,"passed_time":2.407451187,"remaining_time":0.401710058},
{"learn":[0.02662007207],"iteration":857,"passed_time":2.410322051,"remaining_time":0.3989111087},
{"learn":[0.02659941227],"iteration":858,"passed_time":2.413970713,"remaining_time":0.396239663},
{"learn":[0.02655128757],"iteration":859,"passed_time":2.416613178,"remaining_time":0.3934021452},
{"learn":[0.02653417481],"iteration":860,"passed_time":2.419215636,"remaining_time":0.3905586218},
{"learn":[0.02650536837],"iteration":861,"passed_time":2.422147165,"remaining_time":0.3877683396},
{"learn":[0.02649513757],"iteration":862,"passed_time":2.424701651,"remaining_time":0.384917875},
{"learn":[0.02646044482],"iteration":863,"passed_time":2.428499077,"remaining_time":0.3822637436},
{"learn":[0.026435695],"iteration":864,"passed_time":2.431276779,"remaining_time":0.379447821},
{"learn":[0.02641310368],"iteration":865,"passed_time":2.433851557,"remaining_time":0.3766005873},
{"learn":[0.02638005788],"iteration":866,"passed_time":2.436760285,"remaining_time":0.373805211},
{"learn":[0.02635090327],"iteration":867,"passed_time":2.439598322,"remaining_time":0.3709988232},
{"learn":[0.02632638822],"iteration":868,"passed_time":2.443511483,"remaining_time":0.3683544353},
{"learn":[0.02630351684],"iteration":869,"passed_time":2.446287332,"remaining_time":0.3655371875},
{"learn":[0.02628176231],"iteration":870,"passed_time":2.448973171,"remaining_time":0.3627067038},
{"learn":[0.02625292863],"iteration":871,"passed_time":2.451812307,"remaining_time":0.3598990542},
{"learn":[0.02622068584],"iteration":872,"passed_time":2.45447684,"remaining_time":0.3570659321},
{"learn":[0.0261692505],"iteration":873,"passed_time":2.457722864,"remaining_time":0.3543170262},
{"learn":[0.02612531235],"iteration":874,"passed_time":2.460552301,"remaining_time":0.3515074715},
{"learn":[0.02609594026],"iteration":875,"passed_time":2.463283384,"remaining_time":0.3486839493},
{"learn":[0.02606613052],"iteration":876,"passed_time":2.466597405,"remaining_time":0.3459423954},
{"learn":[0.02603942597],"iteration":877,"passed_time":2.471119865,"remaining_time":0.3433674528},
{"learn":[0.02602536336],"iteration":878,"passed_time":2.47706648,"remaining_time":0.3409841229},
{"learn":[0.02599730787],"iteration":879,"passed_time":2.481235925,"remaining_time":0.3383503535},
{"learn":[0.02597970023],"iteration":880,"passed_time":2.487657882,"remaining_time":0.336017353},
{"learn":[0.02590650959],"iteration":881,"passed_time":2.493198741,"remaining_time":0.3335572011},
{"learn":[0.02589548265],"iteration":882,"passed_time":2.496602334,"remaining_time":0.3308068778},
{"learn":[0.0258712912],"iteration":883,"passed_time":2.500792487,"remaining_time":0.3281582902},
{"learn":[0.02584407452],"iteration":884,"passed_time":2.505227989,"remaining_time":0.3255381003},
{"learn":[0.02579774818],"iteration":885,"passed_time":2.508872587,"remaining_time":0.3228120485},
{"learn":[0.02577071581],"iteration":886,"passed_time":2.511926107,"remaining_time":0.3200086247},
{"learn":[0.02574034801],"iteration":887,"passed_time":2.514891369,"remaining_time":0.317193506},
{"learn":[0.02572002041],"iteration":888,"passed_time":2.519050146,"remaining_time":0.3145270711},
{"learn":[0.02568070398],"iteration":889,"passed_time":2.521717961,"remaining_time":0.3116730064},
{"learn":[0.0256410817],"iteration":890,"passed_time":2.524373697,"remaining_time":0.3088178822},
{"learn":[0.02561585746],"iteration":891,"passed_time":2.527071189,"remaining_time":0.3059682606},
{"learn":[0.0255668302],"iteration":892,"passed_time":2.529748431,"remaining_time":0.3031165533},
{"learn":[0.02554437962],"iteration":893,"passed_time":2.534114798,"remaining_time":0.300465513},
{"learn":[0.02551392736],"iteration":894,"passed_time":2.537010745,"remaining_time":0.2976381321},
{"learn":[0.02548011293],"iteration":895,"passed_time":2.539706307,"remaining_time":0.2947873392},
{"learn":[0.02546077193],"iteration":896,"passed_time":2.542370034,"remaining_time":0.2919332369},
{"learn":[0.02543856318],"iteration":897,"passed_time":2.544973596,"remaining_time":0.2890727247},
{"learn":[0.02541028486],"iteration":898,"passed_time":2.548612403,"remaining_time":0.2863290909},
{"learn":[0.02536783429],"iteration":899,"passed_time":2.551172034,"remaining_time":0.2834635593},
{"learn":[0.02534555512],"iteration":900,"passed_time":2.553648372,"remaining_time":0.2805895548},
{"learn":[0.02532598392],"iteration":901,"passed_time":2.556066474,"remaining_time":0.2777101047},
{"learn":[0.02530965726],"iteration":902,"passed_time":2.558504578,"remaining_time":0.2748338251},
{"learn":[0.02528334263],"iteration":903,"passed_time":2.561392102,"remaining_time":0.2720062409},
{"learn":[0.02526124836],"iteration":904,"passed_time":2.564939271,"remaining_time":0.2692477687},
{"learn":[0.02522175372],"iteration":905,"passed_time":2.567388179,"remaining_time":0.2663736079},
{"learn":[0.02519648404],"iteration":906,"passed_time":2.569770355,"remaining_time":0.2634935424},
{"learn":[0.02517071266],"iteration":907,"passed_time":2.572296306,"remaining_time":0.2606291411},
{"learn":[0.02513589178],"iteration":908,"passed_time":2.574826183,"remaining_time":0.2577658776},
{"learn":[0.02510490608],"iteration":909,"passed_time":2.578664039,"remaining_time":0.2550327071},
{"learn":[0.02506833425],"iteration":910,"passed_time":2.581438971,"remaining_time":0.2521932694},
{"learn":[0.02504511377],"iteration":911,"passed_time":2.583936356,"remaining_time":0.2493271923},
{"learn":[0.02501609418],"iteration":912,"passed_time":2.586797194,"remaining_time":0.2464965563},
{"learn":[0.02498372906],"iteration":913,"passed_time":2.589432773,"remaining_time":0.2436446591},
{"learn":[0.02494454834],"iteration":914,"passed_time":2.593511715,"remaining_time":0.2409273178},
{"learn":[0.02491595909],"iteration":915,"passed_time":2.596529313,"remaining_time":0.238109675},
{"learn":[0.02489723252],"iteration":916,"passed_time":2.59907015,"remaining_time":0.2352484432},
{"learn":[0.02488082733],"iteration":917,"passed_time":2.601858956,"remaining_time":0.2324100593},
{"learn":[0.02484960603],"iteration":918,"passed_time":2.604294388,"remaining_time":0.229540637},
{"learn":[0.02483209493],"iteration":919,"passed_time":2.607404989,"remaining_time":0.2267308686},
{"learn":[0.02481912746],"iteration":920,"passed_time":2.610682357,"remaining_time":0.2239347516},
{"learn":[0.02479034005],"iteration":921,"passed_time":2.613127491,"remaining_time":0.2210671847},
{"learn":[0.02474490764],"iteration":922,"passed_time":2.615910337,"remaining_time":0.2182287064},
{"learn":[0.02472191021],"iteration":923,"passed_time":2.618403357,"remaining_time":0.2153665099},
{"learn":[0.02470582291],"iteration":924,"passed_time":2.621134731,"remaining_time":0.2125244376},
{"learn":[0.02468621327],"iteration":925,"passed_time":2.624755584,"remaining_time":0.209753686},
{"learn":[0.02464917004],"iteration":926,"passed_time":2.627385942,"remaining_time":0.2069031001},
{"learn":[0.0246065328],"iteration":927,"passed_time":2.630075819,"remaining_time":0.2040576066},
{"learn":[0.02456886586],"iteration":928,"passed_time":2.632548483,"remaining_time":0.2011958475},
{"learn":[0.02454661218],"iteration":929,"passed_time":2.634929822,"remaining_time":0.1983280511},
{"learn":[0.02452951344],"iteration":930,"passed_time":2.637799592,"remaining_time":0.1954974993},
{"learn":[0.02450588087],"iteration":931,"passed_time":2.640542085,"remaining_time":0.192657577},
{"learn":[0.02447891128],"iteration":932,"passed_time":2.642901439,"remaining_time":0.1897903499},
{"learn":[0.02445704834],"iteration":933,"passed_time":2.646532497,"remaining_time":0.1870140737},
{"learn":[0.0244414948],"iteration":934,"passed_time":2.650197225,"remaining_time":0.1842383098},
{"learn":[0.02441498952],"iteration":935,"passed_time":2.654151187,"remaining_time":0.181480423},
{"learn":[0.0243933268],"iteration":936,"passed_time":2.657827848,"remaining_time":0.1787013388},
{"learn":[0.02437752909],"iteration":937,"passed_time":2.660705386,"remaining_time":0.1758675202},
{"learn":[0.0243498211],"iteration":938,"passed_time":2.663674732,"remaining_time":0.1730395726},
{"learn":[0.02432932535],"iteration":939,"passed_time":2.667316898,"remaining_time":0.1702542701},
{"learn":[0.02430637327],"iteration":940,"passed_time":2.672330089,"remaining_time":0.1675531087},
{"learn":[0.02427583474],"iteration":941,"passed_time":2.675632418,"remaining_time":0.1647416988},
{"learn":[0.02424459226],"iteration":942,"passed_time":2.679870795,"remaining_time":0.1619858275},
{"learn":[0.02421044238],"iteration":943,"passed_time":2.682684332,"remaining_time":0.1591422909},
{"learn":[0.02417210002],"iteration":944,"passed_time":2.686511663,"remaining_time":0.1563578217},
{"learn":[0.02413764927],"iteration":945,"passed_time":2.688858527,"remaining_time":0.1534866389},
{"learn":[0.02410980021],"iteration":946,"passed_time":2.691150419,"remaining_time":0.150613487},
{"learn":[0.02409415986],"iteration":947,"passed_time":2.693612982,"remaining_time":0.1477509231},
{"learn":[0.02406376714],"iteration":948,"passed_time":2.695985866,"remaining_time":0.1448843827},
{"learn":[0.02403309118],"iteration":949,"passed_time":2.699726472,"remaining_time":0.1420908669},
{"learn":[0.02402016225],"iteration":950,"passed_time":2.70266242,"remaining_time":0.1392538997},
{"learn":[0.02399104828],"iteration":951,"passed_time":2.705042167,"remaining_time":0.1363886807},
{"learn":[0.02394218193],"iteration":952,"passed_time":2.707878363,"remaining_time":0.1335469917},
{"learn":[0.02391339346],"iteration":953,"passed_time":2.71028881,"remaining_time":0.1306847854},
{"learn":[0.0238894338],"iteration":954,"passed_time":2.712716661,"remaining_time":0.1278243453},
{"learn":[0.02386896424],"iteration":955,"passed_time":2.716332518,"remaining_time":0.1250194883},
{"learn":[0.02382889839],"iteration":956,"passed_time":2.718729115,"remaining_time":0.1221581525},
{"learn":[0.02379400406],"iteration":957,"passed_time":2.721279103,"remaining_time":0.1193045118},
{"learn":[0.02377715124],"iteration":958,"passed_time":2.723858077,"remaining_time":0.1164527436},
{"learn":[0.02374566369],"iteration":959,"passed_time":2.726327515,"remaining_time":0.1135969798},
{"learn":[0.02371508762],"iteration":960,"passed_time":2.729161862,"remaining_time":0.110756829},
{"learn":[0.02369264546],"iteration":961,"passed_time":2.732300242,"remaining_time":0.1079286998},
{"learn":[0.02367079591],"iteration":962,"passed_time":2.734752377,"remaining_time":0.1050735597},
{"learn":[0.02364083493],"iteration":963,"passed_time":2.737508939,"remaining_time":0.1022306243},
{"learn":[0.02360977844],"iteration":964,"passed_time":2.739963839,"remaining_time":0.0993769268},
{"learn":[0.02357741486],"iteration":965,"passed_time":2.742458373,"remaining_time":0.09652544997},
{"learn":[0.02355921358],"iteration":966,"passed_time":2.745978152,"remaining_time":0.09370969908},
{"learn":[0.02354521091],"iteration":967,"passed_time":2.749006222,"remaining_time":0.09087623876},
{"learn":[0.02350752937],"iteration":968,"passed_time":2.751393965,"remaining_time":0.08802189156},
{"learn":[0.02346826629],"iteration":969,"passed_time":2.753830052,"remaining_time":0.0851700016},
{"learn":[0.0234412832],"iteration":970,"passed_time":2.756172309,"remaining_time":0.08231616576},
{"learn":[0.02340574724],"iteration":971,"passed_time":2.758435171,"remaining_time":0.07946109546},
{"learn":[0.02337904955],"iteration":972,"passed_time":2.762227025,"remaining_time":0.07664967078},
{"learn":[0.02335272289],"iteration":973,"passed_time":2.764923591,"remaining_time":0.07380699524},
{"learn":[0.02333242128],"iteration":974,"passed_time":2.767343723,"remaining_time":0.07095753135},
{"learn":[0.02331372665],"iteration":975,"passed_time":2.770032753,"remaining_time":0.06811555949},
{"learn":[0.02328615895],"iteration":976,"passed_time":2.772463317,"remaining_time":0.06526781605},
{"learn":[0.02326572205],"iteration":977,"passed_time":2.774811573,"remaining_time":0.06241907424},
{"learn":[0.02324450685],"iteration":978,"passed_time":2.778193474,"remaining_time":0.05959352701},
{"learn":[0.02322710408],"iteration":979,"passed_time":2.78055913,"remaining_time":0.05674610468},
{"learn":[0.0232097062],"iteration":980,"passed_time":2.783064573,"remaining_time":0.05390237196},
{"learn":[0.02319246685],"iteration":981,"passed_time":2.785365762,"remaining_time":0.05105558423},
{"learn":[0.02318113609],"iteration":982,"passed_time":2.787691399,"remaining_time":0.04821032938},
{"learn":[0.02315497369],"iteration":983,"passed_time":2.790190275,"remaining_time":0.04536894756},
{"learn":[0.02312727551],"iteration":984,"passed_time":2.793545692,"remaining_time":0.04254130496},
{"learn":[0.02309403172],"iteration":985,"passed_time":2.795933857,"remaining_time":0.03969885802},
{"learn":[0.02307826642],"iteration":986,"passed_time":2.79854497,"remaining_time":0.0368602681},
{"learn":[0.02306401619],"iteration":987,"passed_time":2.802331243,"remaining_time":0.03403641186},
{"learn":[0.02305070366],"iteration":988,"passed_time":2.804530253,"remaining_time":0.03119295529},
{"learn":[0.02302438082],"iteration":989,"passed_time":2.808100247,"remaining_time":0.02836464896},
{"learn":[0.02300078082],"iteration":990,"passed_time":2.81044611,"remaining_time":0.02552372854},
{"learn":[0.02298412896],"iteration":991,"passed_time":2.813035945,"remaining_time":0.02268577375},
{"learn":[0.02297296492],"iteration":992,"passed_time":2.815862067,"remaining_time":0.01984998436},
{"learn":[0.02296212452],"iteration":993,"passed_time":2.818996436,"remaining_time":0.01701607506},
{"learn":[0.02294246949],"iteration":994,"passed_time":2.82346862,"remaining_time":0.01418828452},
{"learn":[0.02291405761],"iteration":995,"passed_time":2.826337605,"remaining_time":0.01135075344},
{"learn":[0.02288276162],"iteration":996,"passed_time":2.829894408,"remaining_time":0.008515228911},
{"learn":[0.02286478391],"iteration":997,"passed_time":2.833085281,"remaining_time":0.005677525613},
{"learn":[0.0228473672],"iteration":998,"passed_time":2.83853611,"remaining_time":0.002841377488},
{"learn":[0.02279591852],"iteration":999,"passed_time":2.84429091,"remaining_time":0}
]}