{
"meta":{"test_sets":[],"test_metrics":[],"learn_metrics":[{"best_value":"Min","name":"MultiClass"}],"launch_mode":"Train","parameters":"","iteration_count":1000,"learn_sets":["learn"],"name":"experiment"},
"iterations":[
{"learn":[1.020781008],"iteration":0,"passed_time":0.004797076232,"remaining_time":4.792279155},
{"learn":[0.9526739474],"iteration":1,"passed_time":0.01288258251,"remaining_time":6.428408671},
{"learn":[0.8846248841],"iteration":2,"passed_time":0.01985712711,"remaining_time":6.599185243},
{"learn":[0.8273706755],"iteration":3,"passed_time":0.02661155633,"remaining_time":6.626277527},
{"learn":[0.776299155],"iteration":4,"passed_time":0.03403598937,"remaining_time":6.773161885},
{"learn":[0.7307496792],"iteration":5,"passed_time":0.04116833491,"remaining_time":6.820220816},
{"learn":[0.6926509239],"iteration":6,"passed_time":0.04883252825,"remaining_time":6.927242936},
{"learn":[0.6572170593],"iteration":7,"passed_time":0.05664590811,"remaining_time":7.024092606},
{"learn":[0.6265895506],"iteration":8,"passed_time":0.06615506536,"remaining_time":7.284407752},
{"learn":[0.5985426726],"iteration":9,"passed_time":0.07417439949,"remaining_time":7.343265549},
{"learn":[0.5685417355],"iteration":10,"passed_time":0.08485765304,"remaining_time":7.629474441},
{"learn":[0.540148003],"iteration":11,"passed_time":0.0939940918,"remaining_time":7.738846892},
{"learn":[0.5148747374],"iteration":12,"passed_time":0.1026055763,"remaining_time":7.790131063},
{"learn":[0.494400353],"iteration":13,"passed_time":0.1098498463,"remaining_time":7.736567749},
{"learn":[0.4815164429],"iteration":14,"passed_time":0.1170911392,"remaining_time":7.688984808},
{"learn":[0.4636294475],"iteration":15,"passed_time":0.1245722285,"remaining_time":7.66119205},
{"learn":[0.4539609971],"iteration":16,"passed_time":0.1313965819,"remaining_time":7.597814116},
{"learn":[0.440944085],"iteration":17,"passed_time":0.1395472833,"remaining_time":7.613079566},
{"learn":[0.4231220913],"iteration":18,"passed_time":0.1471713448,"remaining_time":7.598688907},
{"learn":[0.4065203592],"iteration":19,"passed_time":0.1540936385,"remaining_time":7.550588287},
{"learn":[0.3899815435],"iteration":20,"passed_time":0.161212945,"remaining_time":7.515593961},
{"learn":[0.3778356142],"iteration":21,"passed_time":0.1690762159,"remaining_time":7.516206323},
{"learn":[0.3635938595],"iteration":22,"passed_time":0.176581477,"remaining_time":7.500874043},
{"learn":[0.352741466],"iteration":23,"passed_time":0.1834934916,"remaining_time":7.462068658},
{"learn":[0.3462233258],"iteration":24,"passed_time":0.1901940161,"remaining_time":7.41756663},
{"learn":[0.3396650641],"iteration":25,"passed_time":0.1966950305,"remaining_time":7.368498449},
{"learn":[0.328442466],"iteration":26,"passed_time":0.2033940145,"remaining_time":7.329717633},
{"learn":[0.318830007],"iteration":27,"passed_time":0.2097473921,"remaining_time":7.281230896},
{"learn":[0.3120688465],"iteration":28,"passed_time":0.2161293896,"remaining_time":7.236608184},
{"learn":[0.3089898217],"iteration":29,"passed_time":0.2235086381,"remaining_time":7.226779298},
{"learn":[0.3018062287],"iteration":30,"passed_time":0.2317428654,"remaining_time":7.243833439},
{"learn":[0.295729806],"iteration":31,"passed_time":0.2418898483,"remaining_time":7.31716791},
{"learn":[0.2879821055],"iteration":32,"passed_time":0.2546555231,"remaining_time":7.462178511},
{"learn":[0.2840976117],"iteration":33,"passed_time":0.2617041297,"remaining_time":7.435476156},
{"learn":[0.2807059318],"iteration":34,"passed_time":0.2691041016,"remaining_time":7.419584515},
{"learn":[0.2743740086],"iteration":35,"passed_time":0.2760617738,"remaining_time":7.392320831},
{"learn":[0.2691992693],"iteration":36,"passed_time":0.2836671372,"remaining_time":7.383012246},
{"learn":[0.2658229037],"iteration":37,"passed_time":0.2905353568,"remaining_time":7.355131928},
{"learn":[0.264476607],"iteration":38,"passed_time":0.2978842762,"remaining_time":7.340174088},
{"learn":[0.2603030917],"iteration":39,"passed_time":0.3055247304,"remaining_time":7.332593531},
{"learn":[0.2545430421],"iteration":40,"passed_time":0.3123315976,"remaining_time":7.305512245},
{"learn":[0.2486296556],"iteration":41,"passed_time":0.3203929085,"remaining_time":7.308009675},
{"learn":[0.2439511884],"iteration":42,"passed_time":0.3284686892,"remaining_time":7.310338036},
{"learn":[0.2400523838],"iteration":43,"passed_time":0.3362736014,"remaining_time":7.306308248},
{"learn":[0.2375771335],"iteration":44,"passed_time":0.3438473526,"remaining_time":7.297204928},
{"learn":[0.2339843756],"iteration":45,"passed_time":0.3515752961,"remaining_time":7.291365924},
{"learn":[0.2304403508],"iteration":46,"passed_time":0.3580324065,"remaining_time":7.25967837},
{"learn":[0.2274051332],"iteration":47,"passed_time":0.3664117195,"remaining_time":7.267165769},
{"learn":[0.22612304],"iteration":48,"passed_time":0.3744992812,"remaining_time":7.268343192},
{"learn":[0.2239925742],"iteration":49,"passed_time":0.3830172441,"remaining_time":7.277327639},
{"learn":[0.2223034404],"iteration":50,"passed_time":0.3904913006,"remaining_time":7.266200869},
{"learn":[0.2204560714],"iteration":51,"passed_time":0.4002246859,"remaining_time":7.296403889},
{"learn":[0.2174961479],"iteration":52,"passed_time":0.4096364102,"remaining_time":7.319352462},
{"learn":[0.2140014094],"iteration":53,"passed_time":0.4213944771,"remaining_time":7.382206951},
{"learn":[0.2114474399],"iteration":54,"passed_time":0.4292554115,"remaining_time":7.375388434},
{"learn":[0.2102815129],"iteration":55,"passed_time":0.4371990441,"remaining_time":7.369926744},
{"learn":[0.2090817957],"iteration":56,"passed_time":0.4455227911,"remaining_time":7.370666527},
{"learn":[0.2070940225],"iteration":57,"passed_time":0.4530115245,"remaining_time":7.357532001},
{"learn":[0.2056889261],"iteration":58,"passed_time":0.4606564218,"remaining_time":7.34707954},
{"learn":[0.2044100887],"iteration":59,"passed_time":0.4678507186,"remaining_time":7.329661258},
{"learn":[0.2035492535],"iteration":60,"passed_time":0.4746554749,"remaining_time":7.306581819},
{"learn":[0.2013061102],"iteration":61,"passed_time":0.4820932371,"remaining_time":7.293604136},
{"learn":[0.1994588921],"iteration":62,"passed_time":0.4894189935,"remaining_time":7.27913646},
{"learn":[0.1976341454],"iteration":63,"passed_time":0.4973408268,"remaining_time":7.273609592},
{"learn":[0.1959120195],"iteration":64,"passed_time":0.5037935712,"remaining_time":7.246876755},
{"learn":[0.1935896811],"iteration":65,"passed_time":0.5109579642,"remaining_time":7.230829372},
{"learn":[0.1925725217],"iteration":66,"passed_time":0.5181363514,"remaining_time":7.215242028},
{"learn":[0.1893019029],"iteration":67,"passed_time":0.5256398757,"remaining_time":7.204358296},
{"learn":[0.1878715125],"iteration":68,"passed_time":0.5325209474,"remaining_time":7.185173942},
{"learn":[0.1870789313],"iteration":69,"passed_time":0.5397202785,"remaining_time":7.170569415},
{"learn":[0.1860050989],"iteration":70,"passed_time":0.5468079108,"remaining_time":7.154711959},
{"learn":[0.1849752552],"iteration":71,"passed_time":0.5531183471,"remaining_time":7.129080919},
{"learn":[0.1827694658],"iteration":72,"passed_time":0.5614469204,"remaining_time":7.129606784},
{"learn":[0.1810668359],"iteration":73,"passed_time":0.5700511734,"remaining_time":7.133343062},
{"learn":[0.1799313983],"iteration":74,"passed_time":0.5811717074,"remaining_time":7.167784392},
{"learn":[0.1787108901],"iteration":75,"passed_time":0.5893160084,"remaining_time":7.164841997},
{"learn":[0.1772108266],"iteration":76,"passed_time":0.5957602861,"remaining_time":7.141386286},
{"learn":[0.1758563733],"iteration":77,"passed_time":0.6026863662,"remaining_time":7.124061918},
{"learn":[0.1740385149],"iteration":78,"passed_time":0.610569287,"remaining_time":7.118155865},
{"learn":[0.1734299237],"iteration":79,"passed_time":0.6176869431,"remaining_time":7.103399845},
{"learn":[0.1720186688],"iteration":80,"passed_time":0.6248687871,"remaining_time":7.089560683},
{"learn":[0.1697586774],"iteration":81,"passed_time":0.6318913198,"remaining_time":7.074100385},
{"learn":[0.1681966728],"iteration":82,"passed_time":0.6408805512,"remaining_time":7.080571873},
{"learn":[0.1676308339],"iteration":83,"passed_time":0.647948048,"remaining_time":7.06571919},
{"learn":[0.1662062375],"iteration":84,"passed_time":0.6553422098,"remaining_time":7.054566141},
{"learn":[0.1647190463],"iteration":85,"passed_time":0.6619779577,"remaining_time":7.035440155},
{"learn":[0.1628033237],"iteration":86,"passed_time":0.6687645442,"remaining_time":7.01818424},
{"learn":[0.1623011022],"iteration":87,"passed_time":0.6751355171,"remaining_time":6.996858996},
{"learn":[0.1613969728],"iteration":88,"passed_time":0.6817170895,"remaining_time":6.978025489},
{"learn":[0.1602260806],"iteration":89,"passed_time":0.6891317441,"remaining_time":6.967887635},
{"learn":[0.1587051433],"iteration":90,"passed_time":0.6962601816,"remaining_time":6.954950605},
{"learn":[0.1571506859],"iteration":91,"passed_time":0.7041426814,"remaining_time":6.949582117},
{"learn":[0.1546851965],"iteration":92,"passed_time":0.7110297845,"remaining_time":6.934451769},
{"learn":[0.1540159816],"iteration":93,"passed_time":0.7188505494,"remaining_time":6.92849572},
{"learn":[0.1524566942],"iteration":94,"passed_time":0.7260328748,"remaining_time":6.916418439},
{"learn":[0.1515298978],"iteration":95,"passed_time":0.7336141133,"remaining_time":6.908199567},
{"learn":[0.1508126628],"iteration":96,"passed_time":0.74059809,"remaining_time":6.894433765},
{"learn":[0.1496018913],"iteration":97,"passed_time":0.7472739269,"remaining_time":6.877970225},
{"learn":[0.1485967018],"iteration":98,"passed_time":0.7547751525,"remaining_time":6.869216287},
{"learn":[0.146886541],"iteration":99,"passed_time":0.7611583694,"remaining_time":6.850425325},
{"learn":[0.1458510221],"iteration":100,"passed_time":0.7682026537,"remaining_time":6.837764215},
{"learn":[0.1446241841],"iteration":101,"passed_time":0.776285385,"remaining_time":6.834355644},
{"learn":[0.1442164788],"iteration":102,"passed_time":0.7852061338,"remaining_time":6.838154389},
{"learn":[0.1429411915],"iteration":103,"passed_time":0.7929773976,"remaining_time":6.831805272},
{"learn":[0.1415777525],"iteration":104,"passed_time":0.8027671842,"remaining_time":6.84263457},
{"learn":[0.1407625535],"iteration":105,"passed_time":0.8097242534,"remaining_time":6.829183798},
{"learn":[0.1401206653],"iteration":106,"passed_time":0.8172828187,"remaining_time":6.820874365},
{"learn":[0.1388120772],"iteration":107,"passed_time":0.823836037,"remaining_time":6.804275416},
{"learn":[0.1380122327],"iteration":108,"passed_time":0.8307865338,"remaining_time":6.791108272},
{"learn":[0.1368413161],"iteration":109,"passed_time":0.8387710891,"remaining_time":6.78642063},
{"learn":[0.1360406251],"iteration":110,"passed_time":0.8454484406,"remaining_time":6.771204178},
{"learn":[0.135006997],"iteration":111,"passed_time":0.8533766751,"remaining_time":6.766057924},
{"learn":[0.1342929102],"iteration":112,"passed_time":0.8606691614,"remaining_time":6.75587209},
{"learn":[0.1339323116],"iteration":113,"passed_time":0.8679856325,"remaining_time":6.745923424},
{"learn":[0.1327236794],"iteration":114,"passed_time":0.8755888255,"remaining_time":6.738227048},
{"learn":[0.1318449249],"iteration":115,"passed_time":0.8836735108,"remaining_time":6.734201582},
{"learn":[0.1311004629],"iteration":116,"passed_time":0.8901438203,"remaining_time":6.71792302},
{"learn":[0.1298089508],"iteration":117,"passed_time":0.8988239123,"remaining_time":6.718327887},
{"learn":[0.1287376613],"iteration":118,"passed_time":0.9057688248,"remaining_time":6.705733904},
{"learn":[0.1272197932],"iteration":119,"passed_time":0.9135617773,"remaining_time":6.699453033},
{"learn":[0.1267388144],"iteration":120,"passed_time":0.9205827451,"remaining_time":6.687539115},
{"learn":[0.1252960823],"iteration":121,"passed_time":0.9274881664,"remaining_time":6.674873853},
{"learn":[0.1248862561],"iteration":122,"passed_time":0.9350525761,"remaining_time":6.667000888},
{"learn":[0.1240766263],"iteration":123,"passed_time":0.9434016951,"remaining_time":6.664676491},
{"learn":[0.122699421],"iteration":124,"passed_time":0.9531714232,"remaining_time":6.672199963},
{"learn":[0.1217214313],"iteration":125,"passed_time":0.9640127033,"remaining_time":6.686881767},
{"learn":[0.1207527104],"iteration":126,"passed_time":0.976138347,"remaining_time":6.70999037},
{"learn":[0.1201627949],"iteration":127,"passed_time":0.98398137,"remaining_time":6.703373083},
{"learn":[0.1189789003],"iteration":128,"passed_time":0.9921381976,"remaining_time":6.698855582},
{"learn":[0.1184345773],"iteration":129,"passed_time":0.9996122683,"remaining_time":6.689712873},
{"learn":[0.11736204],"iteration":130,"passed_time":1.008121162,"remaining_time":6.687460229},
{"learn":[0.1168234364],"iteration":131,"passed_time":1.01575762,"remaining_time":6.679375862},
{"learn":[0.1160187025],"iteration":132,"passed_time":1.024079036,"remaining_time":6.67576334},
{"learn":[0.1153681867],"iteration":133,"passed_time":1.031387755,"remaining_time":6.665535789},
{"learn":[0.1147216939],"iteration":134,"passed_time":1.04003784,"remaining_time":6.663946159},
{"learn":[0.1138709943],"iteration":135,"passed_time":1.048085469,"remaining_time":6.658425329},
{"learn":[0.1134316137],"iteration":136,"passed_time":1.057416205,"remaining_time":6.660950257},
{"learn":[0.1131567044],"iteration":137,"passed_time":1.064805679,"remaining_time":6.651177504},
{"learn":[0.1127777007],"iteration":138,"passed_time":1.073032233,"remaining_time":6.646624121},
{"learn":[0.1122188354],"iteration":139,"passed_time":1.080935097,"remaining_time":6.640029884},
{"learn":[0.1109107488],"iteration":140,"passed_time":1.088451317,"remaining_time":6.631061569},
{"learn":[0.1100907121],"iteration":141,"passed_time":1.095985214,"remaining_time":6.622220518},
{"learn":[0.1096774117],"iteration":142,"passed_time":1.103159823,"remaining_time":6.611244534},
{"learn":[0.1094125139],"iteration":143,"passed_time":1.111177708,"remaining_time":6.605334153},
{"learn":[0.1088044016],"iteration":144,"passed_time":1.125492396,"remaining_time":6.636524127},
{"learn":[0.1080962996],"iteration":145,"passed_time":1.144391382,"remaining_time":6.693905757},
{"learn":[0.1078467905],"iteration":146,"passed_time":1.152633619,"remaining_time":6.688411406},
{"learn":[0.1077060557],"iteration":147,"passed_time":1.161723703,"remaining_time":6.687760776},
{"learn":[0.1074776171],"iteration":148,"passed_time":1.17103353,"remaining_time":6.688251908},
{"learn":[0.1069518132],"iteration":149,"passed_time":1.181093293,"remaining_time":6.692861993},
{"learn":[0.1061940687],"iteration":150,"passed_time":1.236114252,"remaining_time":6.950072847},
{"learn":[0.1054011711],"iteration":151,"passed_time":1.258716011,"remaining_time":7.022310376},
{"learn":[0.1053086955],"iteration":152,"passed_time":1.29395347,"remaining_time":7.163258753},
{"learn":[0.1051498859],"iteration":153,"passed_time":1.312960142,"remaining_time":7.212755066},
{"learn":[0.1042782348],"iteration":154,"passed_time":1.345796089,"remaining_time":7.336759322},
{"learn":[0.1040357859],"iteration":155,"passed_time":1.380048302,"remaining_time":7.466415173},
{"learn":[0.1037856713],"iteration":156,"passed_time":1.394185343,"remaining_time":7.485976076},
{"learn":[0.1031467688],"iteration":157,"passed_time":1.406796788,"remaining_time":7.496980353},
{"learn":[0.1028429057],"iteration":158,"passed_time":1.41587524,"remaining_time":7.489000484},
{"learn":[0.1023928147],"iteration":159,"passed_time":1.425220088,"remaining_time":7.482405461},
{"learn":[0.1020062188],"iteration":160,"passed_time":1.438340837,"remaining_time":7.495453183},
{"learn":[0.1016584013],"iteration":161,"passed_time":1.469329161,"remaining_time":7.60060393},
{"learn":[0.1012514767],"iteration":162,"passed_time":1.491704321,"remaining_time":7.659855929},
{"learn":[0.1007844487],"iteration":163,"passed_time":1.503990519,"remaining_time":7.666683379},
{"learn":[0.1001407025],"iteration":164,"passed_time":1.51631005,"remaining_time":7.673447831},
{"learn":[0.09974253654],"iteration":165,"passed_time":1.525305756,"remaining_time":7.663283136},
{"learn":[0.0991645461],"iteration":166,"passed_time":1.538487302,"remaining_time":7.674011512},
{"learn":[0.09819426318],"iteration":167,"passed_time":1.549366365,"remaining_time":7.673052473},
{"learn":[0.09805147979],"iteration":168,"passed_time":1.558114197,"remaining_time":7.661496437},
{"learn":[0.09782224509],"iteration":169,"passed_time":1.57146702,"remaining_time":7.672456627},
{"learn":[0.09746651251],"iteration":170,"passed_time":1.58218956,"remaining_time":7.670380967},
{"learn":[0.09701317615],"iteration":171,"passed_time":1.591097738,"remaining_time":7.659470506},
{"learn":[0.09654711082],"iteration":172,"passed_time":1.601185986,"remaining_time":7.654224335},
{"learn":[0.09586807023],"iteration":173,"passed_time":1.609997039,"remaining_time":7.642859507},
{"learn":[0.0954400045],"iteration":174,"passed_time":1.620315728,"remaining_time":7.638631289},
{"learn":[0.09451890252],"iteration":175,"passed_time":1.632456978,"remaining_time":7.64286676},
{"learn":[0.09409784532],"iteration":176,"passed_time":1.644225233,"remaining_time":7.645182864},
{"learn":[0.09405595433],"iteration":177,"passed_time":1.658506013,"remaining_time":7.658943496},
{"learn":[0.09394553192],"iteration":178,"passed_time":1.679767865,"remaining_time":7.704410153},
{"learn":[0.09377836114],"iteration":179,"passed_time":1.689733569,"remaining_time":7.697675147},
{"learn":[0.09325523914],"iteration":180,"passed_time":1.70096856,"remaining_time":7.696647794},
{"learn":[0.09267818351],"iteration":181,"passed_time":1.713237177,"remaining_time":7.700153905},
{"learn":[0.09212498159],"iteration":182,"passed_time":1.726757341,"remaining_time":7.709075123},
{"learn":[0.09173224962],"iteration":183,"passed_time":1.736219381,"remaining_time":7.699755514},
{"learn":[0.09143471229],"iteration":184,"passed_time":1.745671936,"remaining_time":7.690392583},
{"learn":[0.0910581106],"iteration":185,"passed_time":1.755884106,"remaining_time":7.684353025},
{"learn":[0.09069690863],"iteration":186,"passed_time":1.768244197,"remaining_time":7.687607124},
{"learn":[0.09048281727],"iteration":187,"passed_time":1.778956239,"remaining_time":7.683576947},
{"learn":[0.08998432548],"iteration":188,"passed_time":1.787781149,"remaining_time":7.67137837},
{"learn":[0.08971304211],"iteration":189,"passed_time":1.796801271,"remaining_time":7.660047522},
{"learn":[0.08945601205],"iteration":190,"passed_time":1.805633599,"remaining_time":7.647945455},
{"learn":[0.08900648597],"iteration":191,"passed_time":1.815416867,"remaining_time":7.639879316},
{"learn":[0.08867541652],"iteration":192,"passed_time":1.825351854,"remaining_time":7.632429774},
{"learn":[0.08857731842],"iteration":193,"passed_time":1.835400507,"remaining_time":7.625426848},
{"learn":[0.0884557991],"iteration":194,"passed_time":1.84521057,"remaining_time":7.617407737},
{"learn":[0.08800934191],"iteration":195,"passed_time":1.858692615,"remaining_time":7.624432974},
{"learn":[0.08797859135],"iteration":196,"passed_time":1.868633071,"remaining_time":7.616813991},
{"learn":[0.08722919269],"iteration":197,"passed_time":1.881911315,"remaining_time":7.622691285},
{"learn":[0.08698953478],"iteration":198,"passed_time":1.892405327,"remaining_time":7.617169181},
{"learn":[0.08641861957],"iteration":199,"passed_time":1.903378607,"remaining_time":7.613514427},
{"learn":[0.08580695847],"iteration":200,"passed_time":1.914666365,"remaining_time":7.611036945},
{"learn":[0.08539186137],"iteration":201,"passed_time":1.927095954,"remaining_time":7.612983026},
{"learn":[0.08504621504],"iteration":202,"passed_time":1.937214056,"remaining_time":7.605712328},
{"learn":[0.08479038453],"iteration":203,"passed_time":1.949136302,"remaining_time":7.605453415},
{"learn":[0.08439062158],"iteration":204,"passed_time":1.960463229,"remaining_time":7.602772036},
{"learn":[0.08415302561],"iteration":205,"passed_time":1.981311549,"remaining_time":7.636705679},
{"learn":[0.08361920229],"iteration":206,"passed_time":1.995501505,"remaining_time":7.644602383},
{"learn":[0.08310469308],"iteration":207,"passed_time":2.011184833,"remaining_time":7.65797302},
{"learn":[0.08300827909],"iteration":208,"passed_time":2.025170116,"remaining_time":7.664639053},
{"learn":[0.08264358537],"iteration":209,"passed_time":2.036953239,"remaining_time":7.662824089},
{"learn":[0.08201511793],"iteration":210,"passed_time":2.04926626,"remaining_time":7.662896111},
{"learn":[0.08175664763],"iteration":211,"passed_time":2.059331556,"remaining_time":7.65449654},
{"learn":[0.08105215242],"iteration":212,"passed_time":2.072516604,"remaining_time":7.657608299},
{"learn":[0.08068602745],"iteration":213,"passed_time":2.083082235,"remaining_time":7.650946901},
{"learn":[0.08036719265],"iteration":214,"passed_time":2.09214373,"remaining_time":7.638757341},
{"learn":[0.08013599477],"iteration":215,"passed_time":2.105101377,"remaining_time":7.640738332},
{"learn":[0.08003329713],"iteration":216,"passed_time":2.114786879,"remaining_time":7.630774776},
{"learn":[0.07965466779],"iteration":217,"passed_time":2.123451026,"remaining_time":7.617150011},
{"learn":[0.07930756622],"iteration":218,"passed_time":2.136732498,"remaining_time":7.620036901},
{"learn":[0.07859673247],"iteration":219,"passed_time":2.145705132,"remaining_time":7.607500015},
{"learn":[0.07847344494],"iteration":220,"passed_time":2.155183817,"remaining_time":7.596779157},
{"learn":[0.07822558563],"iteration":221,"passed_time":2.165404936,"remaining_time":7.588671352},
{"learn":[0.07801125616],"iteration":222,"passed_time":2.177938437,"remaining_time":7.588601638},
{"learn":[0.07778593699],"iteration":223,"passed_time":2.190238555,"remaining_time":7.587612137},
{"learn":[0.07763280633],"iteration":224,"passed_time":2.203844948,"remaining_time":7.591021487},
{"learn":[0.07744245897],"iteration":225,"passed_time":2.21489161,"remaining_time":7.585513745},
{"learn":[0.07710183964],"iteration":226,"passed_time":2.223374578,"remaining_time":7.571227087},
{"learn":[0.07685277957],"iteration":227,"passed_time":2.233171528,"remaining_time":7.561440437},
{"learn":[0.0766977919],"iteration":228,"passed_time":2.243310303,"remaining_time":7.552804558},
{"learn":[0.07634902083],"iteration":229,"passed_time":2.252581959,"remaining_time":7.541252644},
{"learn":[0.07614722593],"iteration":230,"passed_time":2.262355132,"remaining_time":7.531390027},
{"learn":[0.07568639478],"iteration":231,"passed_time":2.272073333,"remaining_time":7.521346205},
{"learn":[0.07555029285],"iteration":232,"passed_time":2.285231943,"remaining_time":7.522630473},
{"learn":[0.07503690635],"iteration":233,"passed_time":2.296724793,"remaining_time":7.518338425},
{"learn":[0.07484908534],"iteration":234,"passed_time":2.30762145,"remaining_time":7.512044293},
{"learn":[0.074588084],"iteration":235,"passed_time":2.31603504,"remaining_time":7.497672756},
{"learn":[0.07433081726],"iteration":236,"passed_time":2.325300872,"remaining_time":7.486095212},
{"learn":[0.0740715154],"iteration":237,"passed_time":2.333777295,"remaining_time":7.472009658},
{"learn":[0.07388916243],"iteration":238,"passed_time":2.343637269,"remaining_time":7.462376408},
{"learn":[0.0737890377],"iteration":239,"passed_time":2.351912861,"remaining_time":7.447724059},
{"learn":[0.07355605825],"iteration":240,"passed_time":2.361639046,"remaining_time":7.437693097},
{"learn":[0.07324391927],"iteration":241,"passed_time":2.372612523,"remaining_time":7.431571457},
{"learn":[0.07271226951],"iteration":242,"passed_time":2.381838235,"remaining_time":7.419965202},
{"learn":[0.07248248107],"iteration":243,"passed_time":2.393462647,"remaining_time":7.415810496},
{"learn":[0.07233611331],"iteration":244,"passed_time":2.403756752,"remaining_time":7.407495298},
{"learn":[0.07211835588],"iteration":245,"passed_time":2.412834586,"remaining_time":7.395436089},
{"learn":[0.0720943325],"iteration":246,"passed_time":2.418429019,"remaining_time":7.372781583},
{"learn":[0.07191531993],"iteration":247,"passed_time":2.427148165,"remaining_time":7.359739597},
{"learn":[0.07167178271],"iteration":248,"passed_time":2.436526464,"remaining_time":7.348720379},
{"learn":[0.0715387748],"iteration":249,"passed_time":2.446510093,"remaining_time":7.33953028},
{"learn":[0.07133604823],"iteration":250,"passed_time":2.465980831,"remaining_time":7.358643995},
{"learn":[0.07095055216],"iteration":251,"passed_time":2.482639223,"remaining_time":7.369103724},
{"learn":[0.07060588769],"iteration":252,"passed_time":2.492566562,"remaining_time":7.359475185},
{"learn":[0.07034421847],"iteration":253,"passed_time":2.502229877,"remaining_time":7.349068852},
{"learn":[0.07025250575],"iteration":254,"passed_time":2.513523064,"remaining_time":7.343430127},
{"learn":[0.07020520277],"iteration":255,"passed_time":2.52615335,"remaining_time":7.341633173},
{"learn":[0.06998050642],"iteration":256,"passed_time":2.538795599,"remaining_time":7.339786499},
{"learn":[0.06963792597],"iteration":257,"passed_time":2.551485593,"remaining_time":7.337993449},
{"learn":[0.06947330768],"iteration":258,"passed_time":2.564472754,"remaining_time":7.336966451},
{"learn":[0.0693755201],"iteration":259,"passed_time":2.596631103,"remaining_time":7.390411602},
{"learn":[0.0689794671],"iteration":260,"passed_time":2.620382434,"remaining_time":7.419397008},
{"learn":[0.06878003165],"iteration":261,"passed_time":2.635378859,"remaining_time":7.423319077},
{"learn":[0.06835890707],"iteration":262,"passed_time":2.65114654,"remaining_time":7.429258555},
{"learn":[0.06818602352],"iteration":263,"passed_time":2.694974673,"remaining_time":7.513262725},
{"learn":[0.06795776119],"iteration":264,"passed_time":2.715306208,"remaining_time":7.531132312},
{"learn":[0.06786968203],"iteration":265,"passed_time":2.7325307,"remaining_time":7.540141104},
{"learn":[0.06778266915],"iteration":266,"passed_time":2.746930623,"remaining_time":7.54119905},
{"learn":[0.06739240185],"iteration":267,"passed_time":2.761624126,"remaining_time":7.542943507},
{"learn":[0.06715405802],"iteration":268,"passed_time":2.775135321,"remaining_time":7.541352862},
{"learn":[0.06696467918],"iteration":269,"passed_time":2.789714643,"remaining_time":7.542561813},
{"learn":[0.06671546236],"iteration":270,"passed_time":2.831288554,"remaining_time":7.616270686},
{"learn":[0.06666325133],"iteration":271,"passed_time":2.879793149,"remaining_time":7.707681664},
{"learn":[0.06624744939],"iteration":272,"passed_time":2.908486512,"remaining_time":7.745310236},
{"learn":[0.06616531619],"iteration":273,"passed_time":2.927689142,"remaining_time":7.757307726},
{"learn":[0.06602410794],"iteration":274,"passed_time":2.938260133,"remaining_time":7.746322168},
{"learn":[0.06579032916],"iteration":275,"passed_time":2.948086188,"remaining_time":7.733385509},
{"learn":[0.06550758944],"iteration":276,"passed_time":2.959367968,"remaining_time":7.724270907},
{"learn":[0.06532926702],"iteration":277,"passed_time":2.968922351,"remaining_time":7.71065445},
{"learn":[0.06511210968],"iteration":278,"passed_time":2.979015818,"remaining_time":7.698460232},
{"learn":[0.06488437173],"iteration":279,"passed_time":2.991266537,"remaining_time":7.691828239},
{"learn":[0.06464773006],"iteration":280,"passed_time":3.000892752,"remaining_time":7.678440884},
{"learn":[0.06440653415],"iteration":281,"passed_time":3.010009806,"remaining_time":7.663783833},
{"learn":[0.06413679195],"iteration":282,"passed_time":3.020469931,"remaining_time":7.652568695},
{"learn":[0.0637554215],"iteration":283,"passed_time":3.029778737,"remaining_time":7.638456253},
{"learn":[0.06354236377],"iteration":284,"passed_time":3.040118753,"remaining_time":7.626964592},
{"learn":[0.06336192059],"iteration":285,"passed_time":3.051623045,"remaining_time":7.618387601},
{"learn":[0.06303474319],"iteration":286,"passed_time":3.063731388,"remaining_time":7.611290869},
{"learn":[0.06287073235],"iteration":287,"passed_time":3.078163378,"remaining_time":7.609903906},
{"learn":[0.06260166733],"iteration":288,"passed_time":3.096768699,"remaining_time":7.618693926},
{"learn":[0.06234010093],"iteration":289,"passed_time":3.119215814,"remaining_time":7.636700786},
{"learn":[0.06223491125],"iteration":290,"passed_time":3.131084188,"remaining_time":7.628655289},
{"learn":[0.06205826946],"iteration":291,"passed_time":3.143697213,"remaining_time":7.622389134},
{"learn":[0.06193225983],"iteration":292,"passed_time":3.162085626,"remaining_time":7.630015486},
{"learn":[0.0617635425],"iteration":293,"passed_time":3.17443614,"remaining_time":7.622965696},
{"learn":[0.06158339075],"iteration":294,"passed_time":3.187216425,"remaining_time":7.61690705},
{"learn":[0.06133474321],"iteration":295,"passed_time":3.199951434,"remaining_time":7.610695302},
{"learn":[0.06116135652],"iteration":296,"passed_time":3.211669068,"remaining_time":7.602031498},
{"learn":[0.06105202137],"iteration":297,"passed_time":3.221607638,"remaining_time":7.589156249},
{"learn":[0.06078714994],"iteration":298,"passed_time":3.233222657,"remaining_time":7.580231045},
{"learn":[0.06061806105],"iteration":299,"passed_time":3.2443252,"remaining_time":7.570092134},
{"learn":[0.0605126627],"iteration":300,"passed_time":3.255412871,"remaining_time":7.559912282},
{"learn":[0.0602563092],"iteration":301,"passed_time":3.266787018,"remaining_time":7.550388538},
{"learn":[0.06014211796],"iteration":302,"passed_time":3.278488257,"remaining_time":7.541605},
{"learn":[0.05997430466],"iteration":303,"passed_time":3.288934366,"remaining_time":7.529928679},
{"learn":[0.05976980478],"iteration":304,"passed_time":3.302750147,"remaining_time":7.525938859},
{"learn":[0.05957433993],"iteration":305,"passed_time":3.317256941,"remaining_time":7.523452016},
{"learn":[0.05935093815],"iteration":306,"passed_time":3.33085084,"remaining_time":7.518826162},
{"learn":[0.05891223259],"iteration":307,"passed_time":3.340598034,"remaining_time":7.505499478},
{"learn":[0.05851547243],"iteration":308,"passed_time":3.350406125,"remaining_time":7.492332144},
{"learn":[0.05828820547],"iteration":309,"passed_time":3.361903701,"remaining_time":7.482946947},
{"learn":[0.05819091819],"iteration":310,"passed_time":3.371738004,"remaining_time":7.469863296},
{"learn":[0.05794041783],"iteration":311,"passed_time":3.383128113,"remaining_time":7.460231223},
{"learn":[0.05772987634],"iteration":312,"passed_time":3.392823393,"remaining_time":7.446867959},
{"learn":[0.05758844547],"iteration":313,"passed_time":3.402181913,"remaining_time":7.432792332},
{"learn":[0.05734421198],"iteration":314,"passed_time":3.411719245,"remaining_time":7.419135501},
{"learn":[0.05704872909],"iteration":315,"passed_time":3.421335291,"remaining_time":7.405675123},
{"learn":[0.05690991182],"iteration":316,"passed_time":3.430765251,"remaining_time":7.391838064},
{"learn":[0.05674552381],"iteration":317,"passed_time":3.442555297,"remaining_time":7.383090292},
{"learn":[0.05660967973],"iteration":318,"passed_time":3.454944524,"remaining_time":7.375602574},
{"learn":[0.05639495041],"iteration":319,"passed_time":3.463596766,"remaining_time":7.360143127},
{"learn":[0.05628861407],"iteration":320,"passed_time":3.487876236,"remaining_time":7.37778182},
{"learn":[0.05616904129],"iteration":321,"passed_time":3.517660839,"remaining_time":7.406751705},
{"learn":[0.05588315213],"iteration":322,"passed_time":3.527768137,"remaining_time":7.394114641},
{"learn":[0.05559638741],"iteration":323,"passed_time":3.550511662,"remaining_time":7.407857664},
{"learn":[0.05541337745],"iteration":324,"passed_time":3.572329924,"remaining_time":7.419454458},
{"learn":[0.05514923152],"iteration":325,"passed_time":3.585623712,"remaining_time":7.413222031},
{"learn":[0.0550102638],"iteration":326,"passed_time":3.594278115,"remaining_time":7.397398077},
{"learn":[0.0548481329],"iteration":327,"passed_time":3.612748336,"remaining_time":7.401728298},
{"learn":[0.05473354013],"iteration":328,"passed_time":3.625019322,"remaining_time":7.39327649},
{"learn":[0.05452029681],"iteration":329,"passed_time":3.642737313,"remaining_time":7.395860605},
{"learn":[0.05426916201],"iteration":330,"passed_time":3.654549352,"remaining_time":7.386385247},
{"learn":[0.05404361259],"iteration":331,"passed_time":3.678494471,"remaining_time":7.401308152},
{"learn":[0.05393025796],"iteration":332,"passed_time":3.707988996,"remaining_time":7.427113094},
{"learn":[0.05366674047],"iteration":333,"passed_time":3.741237479,"remaining_time":7.460072339},
{"learn":[0.05351754325],"iteration":334,"passed_time":3.780338152,"remaining_time":7.504253347},
{"learn":[0.05316316399],"iteration":335,"passed_time":3.803322304,"remaining_time":7.516089315},
{"learn":[0.05295623355],"iteration":336,"passed_time":3.827129036,"remaining_time":7.529336946},
{"learn":[0.05283590629],"iteration":337,"passed_time":3.850496017,"remaining_time":7.541504034},
{"learn":[0.05271178232],"iteration":338,"passed_time":3.87104578,"remaining_time":7.547968321},
{"learn":[0.05256282429],"iteration":339,"passed_time":3.885898674,"remaining_time":7.543215074},
{"learn":[0.05242454739],"iteration":340,"passed_time":3.900078028,"remaining_time":7.53710094},
{"learn":[0.05222988531],"iteration":341,"passed_time":3.911125684,"remaining_time":7.524914327},
{"learn":[0.05219105479],"iteration":342,"passed_time":3.917266583,"remaining_time":7.5033357},
{"learn":[0.05206407632],"iteration":343,"passed_time":3.928680069,"remaining_time":7.491901527},
{"learn":[0.05186838854],"iteration":344,"passed_time":3.939198415,"remaining_time":7.478768006},
{"learn":[0.05167126002],"iteration":345,"passed_time":3.948234842,"remaining_time":7.462848516},
{"learn":[0.05157476477],"iteration":346,"passed_time":3.959490034,"remaining_time":7.451144071},
{"learn":[0.05147437603],"iteration":347,"passed_time":3.972070238,"remaining_time":7.441924698},
{"learn":[0.0513655701],"iteration":348,"passed_time":3.982592353,"remaining_time":7.428847053},
{"learn":[0.05123310587],"iteration":349,"passed_time":3.999257564,"remaining_time":7.42719262},
{"learn":[0.05096935935],"iteration":350,"passed_time":4.010198475,"remaining_time":7.414868405},
{"learn":[0.0508637052],"iteration":351,"passed_time":4.020205386,"remaining_time":7.400832642},
{"learn":[0.05066282317],"iteration":352,"passed_time":4.028802013,"remaining_time":7.384234852},
{"learn":[0.0505773455],"iteration":353,"passed_time":4.040297653,"remaining_time":7.372972554},
{"learn":[0.05043938566],"iteration":354,"passed_time":4.052569849,"remaining_time":7.363119866},
{"learn":[0.05040638566],"iteration":355,"passed_time":4.067063103,"remaining_time":7.357271457},
{"learn":[0.05007630396],"iteration":356,"passed_time":4.077735637,"remaining_time":7.344493038},
{"learn":[0.0499654988],"iteration":357,"passed_time":4.087343602,"remaining_time":7.329817298},
{"learn":[0.04989154741],"iteration":358,"passed_time":4.091693917,"remaining_time":7.305782176},
{"learn":[0.04973463097],"iteration":359,"passed_time":4.101188876,"remaining_time":7.291002446},
{"learn":[0.04955867164],"iteration":360,"passed_time":4.11021508,"remaining_time":7.275422261},
{"learn":[0.04944697182],"iteration":361,"passed_time":4.118906877,"remaining_time":7.259288915},
{"learn":[0.04930297788],"iteration":362,"passed_time":4.127089343,"remaining_time":7.242302786},
{"learn":[0.04901399703],"iteration":363,"passed_time":4.136239626,"remaining_time":7.22705605},
{"learn":[0.04887529874],"iteration":364,"passed_time":4.1439455,"remaining_time":7.209329842},
{"learn":[0.04868549688],"iteration":365,"passed_time":4.154159426,"remaining_time":7.196002941},
{"learn":[0.04850186164],"iteration":366,"passed_time":4.165220574,"remaining_time":7.184154287},
{"learn":[0.04845265641],"iteration":367,"passed_time":4.17515785,"remaining_time":7.170379786},
{"learn":[0.04829277542],"iteration":368,"passed_time":4.188217908,"remaining_time":7.161966124},
{"learn":[0.04819044922],"iteration":369,"passed_time":4.197162866,"remaining_time":7.146520555},
{"learn":[0.04800162567],"iteration":370,"passed_time":4.205467208,"remaining_time":7.130023919},
{"learn":[0.04786184989],"iteration":371,"passed_time":4.214460601,"remaining_time":7.114734563},
{"learn":[0.04773546464],"iteration":372,"passed_time":4.222276898,"remaining_time":7.097500308},
{"learn":[0.0474506416],"iteration":373,"passed_time":4.233408281,"remaining_time":7.085865198},
{"learn":[0.04734943524],"iteration":374,"passed_time":4.241890015,"remaining_time":7.069816692},
{"learn":[0.04717982674],"iteration":375,"passed_time":4.26743836,"remaining_time":7.082131746},
{"learn":[0.04688386248],"iteration":376,"passed_time":4.28122467,"remaining_time":7.074808937},
{"learn":[0.04675941701],"iteration":377,"passed_time":4.28947309,"remaining_time":7.058339318},
{"learn":[0.04651804844],"iteration":378,"passed_time":4.300690484,"remaining_time":7.046777812},
{"learn":[0.04641756224],"iteration":379,"passed_time":4.309639847,"remaining_time":7.031517646},
{"learn":[0.04627524497],"iteration":380,"passed_time":4.320576851,"remaining_time":7.019519871},
{"learn":[0.04612828504],"iteration":381,"passed_time":4.331454411,"remaining_time":7.007431482},
{"learn":[0.04601411667],"iteration":382,"passed_time":4.342963336,"remaining_time":6.996366523},
{"learn":[0.04588708819],"iteration":383,"passed_time":4.353389091,"remaining_time":6.983561666},
{"learn":[0.04579570849],"iteration":384,"passed_time":4.363872257,"remaining_time":6.970860878},
{"learn":[0.04576558269],"iteration":385,"passed_time":4.377247451,"remaining_time":6.962771852},
{"learn":[0.0455138759],"iteration":386,"passed_time":4.388443654,"remaining_time":6.951204031},
{"learn":[0.04538883529],"iteration":387,"passed_time":4.404722195,"remaining_time":6.947654596},
{"learn":[0.0453283259],"iteration":388,"passed_time":4.422622775,"remaining_time":6.946587443},
{"learn":[0.04522599956],"iteration":389,"passed_time":4.436419778,"remaining_time":6.939015549},
{"learn":[0.04509095414],"iteration":390,"passed_time":4.448459904,"remaining_time":6.928675401},
{"learn":[0.04499244725],"iteration":391,"passed_time":4.45811989,"remaining_time":6.914634932},
{"learn":[0.04475696151],"iteration":392,"passed_time":4.469315891,"remaining_time":6.902989175},
{"learn":[0.04462650964],"iteration":393,"passed_time":4.480661675,"remaining_time":6.891576079},
{"learn":[0.04445589892],"iteration":394,"passed_time":4.493084235,"remaining_time":6.881812563},
{"learn":[0.04435380125],"iteration":395,"passed_time":4.503411955,"remaining_time":6.868840456},
{"learn":[0.04426099516],"iteration":396,"passed_time":4.513888082,"remaining_time":6.856107088},
{"learn":[0.04412456739],"iteration":397,"passed_time":4.524900504,"remaining_time":6.84419624},
{"learn":[0.04399897871],"iteration":398,"passed_time":4.534827587,"remaining_time":6.830655088},
{"learn":[0.04388066496],"iteration":399,"passed_time":4.545575815,"remaining_time":6.818363722},
{"learn":[0.04380105839],"iteration":400,"passed_time":4.557572407,"remaining_time":6.807944817},
{"learn":[0.04364337115],"iteration":401,"passed_time":4.567848591,"remaining_time":6.79495885},
{"learn":[0.04348984646],"iteration":402,"passed_time":4.578013134,"remaining_time":6.781820946},
{"learn":[0.04324893122],"iteration":403,"passed_time":4.590111146,"remaining_time":6.771550106},
{"learn":[0.04311477028],"iteration":404,"passed_time":4.59978931,"remaining_time":6.757715159},
{"learn":[0.0429757353],"iteration":405,"passed_time":4.611389588,"remaining_time":6.746712846},
{"learn":[0.04281938406],"iteration":406,"passed_time":4.622585162,"remaining_time":6.735117939},
{"learn":[0.04266561313],"iteration":407,"passed_time":4.634575729,"remaining_time":6.724678509},
{"learn":[0.0425059906],"iteration":408,"passed_time":4.649311748,"remaining_time":6.718198638},
{"learn":[0.04239311881],"iteration":409,"passed_time":4.670458996,"remaining_time":6.72090441},
{"learn":[0.04222332626],"iteration":410,"passed_time":4.679648351,"remaining_time":6.706357369},
{"learn":[0.0420990053],"iteration":411,"passed_time":4.689603477,"remaining_time":6.692929234},
{"learn":[0.04200109387],"iteration":412,"passed_time":4.698588664,"remaining_time":6.678139336},
{"learn":[0.04191099049],"iteration":413,"passed_time":4.70654854,"remaining_time":6.661926194},
{"learn":[0.04180795424],"iteration":414,"passed_time":4.715267012,"remaining_time":6.646822173},
{"learn":[0.04160939082],"iteration":415,"passed_time":4.724167571,"remaining_time":6.632004475},
{"learn":[0.04146118055],"iteration":416,"passed_time":4.732181258,"remaining_time":6.615975236},
{"learn":[0.04132145226],"iteration":417,"passed_time":4.739859673,"remaining_time":6.599517535},
{"learn":[0.0411232921],"iteration":418,"passed_time":4.748833771,"remaining_time":6.58489838},
{"learn":[0.04092715198],"iteration":419,"passed_time":4.756829568,"remaining_time":6.568955117},
{"learn":[0.04086733406],"iteration":420,"passed_time":4.766193586,"remaining_time":6.554931321},
{"learn":[0.04077521702],"iteration":421,"passed_time":4.773608439,"remaining_time":6.5382599},
{"learn":[0.04067950346],"iteration":422,"passed_time":4.78384341,"remaining_time":6.525479072},
{"learn":[0.04055669749],"iteration":423,"passed_time":4.791814167,"remaining_time":6.509634341},
{"learn":[0.04047847168],"iteration":424,"passed_time":4.800080907,"remaining_time":6.494227109},
{"learn":[0.04039690028],"iteration":425,"passed_time":4.809309786,"remaining_time":6.480149806},
{"learn":[0.04030310213],"iteration":426,"passed_time":4.819890246,"remaining_time":6.467908925},
{"learn":[0.04013250768],"iteration":427,"passed_time":4.833778095,"remaining_time":6.460095959},
{"learn":[0.04000497128],"iteration":428,"passed_time":4.843229934,"remaining_time":6.446350331},
{"learn":[0.03992286655],"iteration":429,"passed_time":4.850952822,"remaining_time":6.430332811},
{"learn":[0.03985314077],"iteration":430,"passed_time":4.858756257,"remaining_time":6.414460117},
{"learn":[0.03967061167],"iteration":431,"passed_time":4.866439072,"remaining_time":6.398466187},
{"learn":[0.03952822212],"iteration":432,"passed_time":4.874656084,"remaining_time":6.38321016},
{"learn":[0.0394607884],"iteration":433,"passed_time":4.882266443,"remaining_time":6.367195407},
{"learn":[0.03944104329],"iteration":434,"passed_time":4.890094848,"remaining_time":6.351502504},
{"learn":[0.03938270978],"iteration":435,"passed_time":4.897685173,"remaining_time":6.335537701},
{"learn":[0.03935587591],"iteration":436,"passed_time":4.905841512,"remaining_time":6.320340438},
{"learn":[0.03926483982],"iteration":437,"passed_time":4.913316208,"remaining_time":6.304300705},
{"learn":[0.03906769359],"iteration":438,"passed_time":4.921441778,"remaining_time":6.289131748},
{"learn":[0.03896594567],"iteration":439,"passed_time":4.929108029,"remaining_time":6.273410219},
{"learn":[0.03888029072],"iteration":440,"passed_time":4.937482033,"remaining_time":6.25862235},
{"learn":[0.0388364744],"iteration":441,"passed_time":4.94487299,"remaining_time":6.242622463},
{"learn":[0.03873158983],"iteration":442,"passed_time":4.953088128,"remaining_time":6.227697714},
{"learn":[0.03869825989],"iteration":443,"passed_time":4.960536953,"remaining_time":6.211843572},
{"learn":[0.03848910552],"iteration":444,"passed_time":4.967967409,"remaining_time":6.196004297},
{"learn":[0.03833196215],"iteration":445,"passed_time":4.975362437,"remaining_time":6.180158723},
{"learn":[0.03821236396],"iteration":446,"passed_time":4.985290685,"remaining_time":6.167484897},
{"learn":[0.03812310996],"iteration":447,"passed_time":4.996315237,"remaining_time":6.156174132},
{"learn":[0.03801166342],"iteration":448,"passed_time":5.006822283,"remaining_time":6.144229572},
{"learn":[0.03794960608],"iteration":449,"passed_time":5.016171046,"remaining_time":6.130875723},
{"learn":[0.03786482784],"iteration":450,"passed_time":5.023991269,"remaining_time":6.115678951},
{"learn":[0.0378050043],"iteration":451,"passed_time":5.032660203,"remaining_time":6.101543786},
{"learn":[0.03772683613],"iteration":452,"passed_time":5.040082004,"remaining_time":6.085926834},
{"learn":[0.03758725938],"iteration":453,"passed_time":5.047652675,"remaining_time":6.070525023},
{"learn":[0.03750091877],"iteration":454,"passed_time":5.055954585,"remaining_time":6.056033513},
{"learn":[0.03745967948],"iteration":455,"passed_time":5.063474012,"remaining_time":6.040635663},
{"learn":[0.03729321924],"iteration":456,"passed_time":5.072631014,"remaining_time":6.027218032},
{"learn":[0.03722243472],"iteration":457,"passed_time":5.081022317,"remaining_time":6.012912873},
{"learn":[0.03718671317],"iteration":458,"passed_time":5.090583404,"remaining_time":6.000012247},
{"learn":[0.03709402249],"iteration":459,"passed_time":5.099607621,"remaining_time":5.986495903},
{"learn":[0.03686605701],"iteration":460,"passed_time":5.111392475,"remaining_time":5.976226777},
{"learn":[0.03681137884],"iteration":461,"passed_time":5.120758329,"remaining_time":5.963134158},
{"learn":[0.0367546668],"iteration":462,"passed_time":5.129318263,"remaining_time":5.94912291},
{"learn":[0.03667286236],"iteration":463,"passed_time":5.139149906,"remaining_time":5.936604202},
{"learn":[0.03659689627],"iteration":464,"passed_time":5.147293202,"remaining_time":5.922154544},
{"learn":[0.03641870633],"iteration":465,"passed_time":5.157666834,"remaining_time":5.910287745},
{"learn":[0.03640935544],"iteration":466,"passed_time":5.17411335,"remaining_time":5.905358492},
{"learn":[0.03621987658],"iteration":467,"passed_time":5.192143519,"remaining_time":5.902180239},
{"learn":[0.03616208739],"iteration":468,"passed_time":5.201805167,"remaining_time":5.889463845},
{"learn":[0.03612132804],"iteration":469,"passed_time":5.210022267,"remaining_time":5.875131492},
{"learn":[0.03602629547],"iteration":470,"passed_time":5.219583614,"remaining_time":5.862334887},
{"learn":[0.03596898829],"iteration":471,"passed_time":5.228124585,"remaining_time":5.848410553},
{"learn":[0.03581744411],"iteration":472,"passed_time":5.237657137,"remaining_time":5.835613765},
{"learn":[0.03574686331],"iteration":473,"passed_time":5.247351033,"remaining_time":5.823009796},
{"learn":[0.03570852684],"iteration":474,"passed_time":5.258674472,"remaining_time":5.812219153},
{"learn":[0.03560828605],"iteration":475,"passed_time":5.267179674,"remaining_time":5.798323843},
{"learn":[0.03557157048],"iteration":476,"passed_time":5.275746869,"remaining_time":5.784519103},
{"learn":[0.03547513254],"iteration":477,"passed_time":5.285431271,"remaining_time":5.771956325},
{"learn":[0.03539872743],"iteration":478,"passed_time":5.296357278,"remaining_time":5.760756037},
{"learn":[0.03533039555],"iteration":479,"passed_time":5.305857875,"remaining_time":5.748012698},
{"learn":[0.03528125056],"iteration":480,"passed_time":5.31548888,"remaining_time":5.735423552},
{"learn":[0.03519963746],"iteration":481,"passed_time":5.324085601,"remaining_time":5.721735148},
{"learn":[0.03511694766],"iteration":482,"passed_time":5.334346966,"remaining_time":5.709849651},
{"learn":[0.03503220605],"iteration":483,"passed_time":5.344948111,"remaining_time":5.69833311},
{"learn":[0.03498781179],"iteration":484,"passed_time":5.353995478,"remaining_time":5.685170455},
{"learn":[0.03495115606],"iteration":485,"passed_time":5.362853826,"remaining_time":5.671824828},
{"learn":[0.03488464599],"iteration":486,"passed_time":5.372933855,"remaining_time":5.659784533},
{"learn":[0.03475207719],"iteration":487,"passed_time":5.382145656,"remaining_time":5.646841344},
{"learn":[0.03473110507],"iteration":488,"passed_time":5.392916318,"remaining_time":5.63554241},
{"learn":[0.03458042066],"iteration":489,"passed_time":5.408640322,"remaining_time":5.629401151},
{"learn":[0.03449522205],"iteration":490,"passed_time":5.423301073,"remaining_time":5.622118627},
{"learn":[0.03447601988],"iteration":491,"passed_time":5.435403684,"remaining_time":5.61216478},
{"learn":[0.03431907306],"iteration":492,"passed_time":5.444099546,"remaining_time":5.598698722},
{"learn":[0.03413579462],"iteration":493,"passed_time":5.45431992,"remaining_time":5.586813521},
{"learn":[0.03407321042],"iteration":494,"passed_time":5.463108239,"remaining_time":5.573474062},
{"learn":[0.03401124773],"iteration":495,"passed_time":5.473843321,"remaining_time":5.562131117},
{"learn":[0.0339851396],"iteration":496,"passed_time":5.482512166,"remaining_time":5.548699435},
{"learn":[0.03394358433],"iteration":497,"passed_time":5.49160895,"remaining_time":5.535718259},
{"learn":[0.03385910913],"iteration":498,"passed_time":5.501829479,"remaining_time":5.5238809},
{"learn":[0.03380129592],"iteration":499,"passed_time":5.510711206,"remaining_time":5.510711206},
{"learn":[0.03375668068],"iteration":500,"passed_time":5.521290967,"remaining_time":5.499249885},
{"learn":[0.03360829086],"iteration":501,"passed_time":5.529213403,"remaining_time":5.485155926},
{"learn":[0.03355563886],"iteration":502,"passed_time":5.539835938,"remaining_time":5.473754396},
{"learn":[0.03347108045],"iteration":503,"passed_time":5.548391752,"remaining_time":5.460322041},
{"learn":[0.03338086008],"iteration":504,"passed_time":5.55678812,"remaining_time":5.446752712},
{"learn":[0.0333565263],"iteration":505,"passed_time":5.565054644,"remaining_time":5.433077063},
{"learn":[0.03328004239],"iteration":506,"passed_time":5.573856157,"remaining_time":5.419942969},
{"learn":[0.03323186505],"iteration":507,"passed_time":5.585040042,"remaining_time":5.409133269},
{"learn":[0.03318353131],"iteration":508,"passed_time":5.601120483,"remaining_time":5.403045495},
{"learn":[0.03314565696],"iteration":509,"passed_time":5.612885462,"remaining_time":5.392772307},
{"learn":[0.03312809576],"iteration":510,"passed_time":5.62194774,"remaining_time":5.379906937},
{"learn":[0.03301093037],"iteration":511,"passed_time":5.630525696,"remaining_time":5.366594804},
{"learn":[0.03294335973],"iteration":512,"passed_time":5.639810875,"remaining_time":5.353972507},
{"learn":[0.03285155099],"iteration":513,"passed_time":5.648254436,"remaining_time":5.340567424},
{"learn":[0.03282113127],"iteration":514,"passed_time":5.655862518,"remaining_time":5.326394798},
{"learn":[0.03276114738],"iteration":515,"passed_time":5.663739511,"remaining_time":5.312499852},
{"learn":[0.0326300687],"iteration":516,"passed_time":5.671784451,"remaining_time":5.298785087},
{"learn":[0.03258480348],"iteration":517,"passed_time":5.680961078,"remaining_time":5.28614525},
{"learn":[0.03256556143],"iteration":518,"passed_time":5.689066386,"remaining_time":5.27252588},
{"learn":[0.03250873429],"iteration":519,"passed_time":5.697882934,"remaining_time":5.259584247},
{"learn":[0.03239463336],"iteration":520,"passed_time":5.705847709,"remaining_time":5.245875341},
{"learn":[0.03234186311],"iteration":521,"passed_time":5.715034734,"remaining_time":5.233307668},
{"learn":[0.03228864796],"iteration":522,"passed_time":5.724357242,"remaining_time":5.22087649},
{"learn":[0.03227382379],"iteration":523,"passed_time":5.728918892,"remaining_time":5.204132429},
{"learn":[0.03224563177],"iteration":524,"passed_time":5.738352946,"remaining_time":5.191843141},
{"learn":[0.03219734142],"iteration":525,"passed_time":5.749835799,"remaining_time":5.181410967},
{"learn":[0.03210868089],"iteration":526,"passed_time":5.760035663,"remaining_time":5.16982328},
{"learn":[0.0320346089],"iteration":527,"passed_time":5.769514861,"remaining_time":5.157596618},
{"learn":[0.03200787922],"iteration":528,"passed_time":5.781394227,"remaining_time":5.147517355},
{"learn":[0.03182853751],"iteration":529,"passed_time":5.79069912,"remaining_time":5.135148276},
{"learn":[0.03173816793],"iteration":530,"passed_time":5.801743204,"remaining_time":5.12432686},
{"learn":[0.03160904274],"iteration":531,"passed_time":5.812119553,"remaining_time":5.1129172},
{"learn":[0.03155291209],"iteration":532,"passed_time":5.821917003,"remaining_time":5.101004204},
{"learn":[0.0314969408],"iteration":533,"passed_time":5.831630626,"remaining_time":5.089025977},
{"learn":[0.03142379988],"iteration":534,"passed_time":5.84712517,"remaining_time":5.082080755},
{"learn":[0.03134824124],"iteration":535,"passed_time":5.86334435,"remaining_time":5.07573093},
{"learn":[0.03127851083],"iteration":536,"passed_time":5.876254608,"remaining_time":5.066491403},
{"learn":[0.03120011074],"iteration":537,"passed_time":5.885054976,"remaining_time":5.05370892},
{"learn":[0.03111169875],"iteration":538,"passed_time":5.895961569,"remaining_time":5.04274264},
{"learn":[0.03106832167],"iteration":539,"passed_time":5.90516252,"remaining_time":5.030323628},
{"learn":[0.03095336714],"iteration":540,"passed_time":5.915017006,"remaining_time":5.01847099},
{"learn":[0.03086252489],"iteration":541,"passed_time":5.92378994,"remaining_time":5.005711795},
{"learn":[0.03079022729],"iteration":542,"passed_time":5.933536489,"remaining_time":4.993786695},
{"learn":[0.03069302606],"iteration":543,"passed_time":5.943009566,"remaining_time":4.981640371},
{"learn":[0.03062686898],"iteration":544,"passed_time":5.953775997,"remaining_time":4.97058363},
{"learn":[0.03053886338],"iteration":545,"passed_time":5.96262689,"remaining_time":4.957935179},
{"learn":[0.03045193814],"iteration":546,"passed_time":5.972992297,"remaining_time":4.946554864},
{"learn":[0.03041445049],"iteration":547,"passed_time":5.983072298,"remaining_time":4.934942844},
{"learn":[0.03040698007],"iteration":548,"passed_time":5.992326522,"remaining_time":4.922658035},
{"learn":[0.03036943191],"iteration":549,"passed_time":6.00226115,"remaining_time":4.910940941},
{"learn":[0.03028767093],"iteration":550,"passed_time":6.011969101,"remaining_time":4.899045601},
{"learn":[0.03022234804],"iteration":551,"passed_time":6.028311219,"remaining_time":4.892542439},
{"learn":[0.03018339219],"iteration":552,"passed_time":6.069426259,"remaining_time":4.906028097},
{"learn":[0.03015796002],"iteration":553,"passed_time":6.083630008,"remaining_time":4.897651594},
{"learn":[0.03010425479],"iteration":554,"passed_time":6.094199723,"remaining_time":4.886340318},
{"learn":[0.03009389486],"iteration":555,"passed_time":6.105450006,"remaining_time":4.875575184},
{"learn":[0.02994075539],"iteration":556,"passed_time":6.115922483,"remaining_time":4.864189695},
{"learn":[0.02981475744],"iteration":557,"passed_time":6.124896657,"remaining_time":4.851620649},
{"learn":[0.02977358227],"iteration":558,"passed_time":6.134231619,"remaining_time":4.839349095},
{"learn":[0.02971330746],"iteration":559,"passed_time":6.142979934,"remaining_time":4.826627091},
{"learn":[0.02964064125],"iteration":560,"passed_time":6.151960362,"remaining_time":4.81410089},
{"learn":[0.02948781789],"iteration":561,"passed_time":6.162461721,"remaining_time":4.802772658},
{"learn":[0.02938411941],"iteration":562,"passed_time":6.171420371,"remaining_time":4.790249915},
{"learn":[0.02932325001],"iteration":563,"passed_time":6.180847203,"remaining_time":4.778101738},
{"learn":[0.02929029525],"iteration":564,"passed_time":6.189333483,"remaining_time":4.765239053},
{"learn":[0.02920625733],"iteration":565,"passed_time":6.199168254,"remaining_time":4.753425835},
{"learn":[0.02912275003],"iteration":566,"passed_time":6.209952723,"remaining_time":4.742344848},
{"learn":[0.02910215665],"iteration":567,"passed_time":6.219622071,"remaining_time":4.730416786},
{"learn":[0.02901892694],"iteration":568,"passed_time":6.228940161,"remaining_time":4.718230596},
{"learn":[0.02894909216],"iteration":569,"passed_time":6.238251527,"remaining_time":4.706049398},
{"learn":[0.02891533963],"iteration":570,"passed_time":6.246572086,"remaining_time":4.693133844},
{"learn":[0.02888448347],"iteration":571,"passed_time":6.255170038,"remaining_time":4.680441917},
{"learn":[0.02884775941],"iteration":572,"passed_time":6.264590264,"remaining_time":4.668377038},
{"learn":[0.0288142661],"iteration":573,"passed_time":6.273182225,"remaining_time":4.655706668},
{"learn":[0.02877572496],"iteration":574,"passed_time":6.286662752,"remaining_time":4.646663773},
{"learn":[0.02872947088],"iteration":575,"passed_time":6.298702749,"remaining_time":4.636545079},
{"learn":[0.02862022595],"iteration":576,"passed_time":6.310220288,"remaining_time":4.62603671},
{"learn":[0.02859678604],"iteration":577,"passed_time":6.319571701,"remaining_time":4.613943353},
{"learn":[0.02854132544],"iteration":578,"passed_time":6.329889188,"remaining_time":4.602561914},
{"learn":[0.02850344922],"iteration":579,"passed_time":6.339648054,"remaining_time":4.590779625},
{"learn":[0.02846889206],"iteration":580,"passed_time":6.348561195,"remaining_time":4.57839439},
{"learn":[0.02842744914],"iteration":581,"passed_time":6.358720422,"remaining_time":4.566916042},
{"learn":[0.02837501764],"iteration":582,"passed_time":6.367780674,"remaining_time":4.55465616},
{"learn":[0.02828666578],"iteration":583,"passed_time":6.376248802,"remaining_time":4.541985448},
{"learn":[0.02822931336],"iteration":584,"passed_time":6.385174004,"remaining_time":4.529653353},
{"learn":[0.02816484032],"iteration":585,"passed_time":6.393688211,"remaining_time":4.517042524},
{"learn":[0.02813502722],"iteration":586,"passed_time":6.403301045,"remaining_time":4.505218622},
{"learn":[0.02807087175],"iteration":587,"passed_time":6.411150219,"remaining_time":4.49216648},
{"learn":[0.02801677959],"iteration":588,"passed_time":6.420088266,"remaining_time":4.479891812},
{"learn":[0.02799605598],"iteration":589,"passed_time":6.428369184,"remaining_time":4.467171806},
{"learn":[0.02793895313],"iteration":590,"passed_time":6.441795131,"remaining_time":4.458027425},
{"learn":[0.02785551886],"iteration":591,"passed_time":6.454048637,"remaining_time":4.448060547},
{"learn":[0.02783454013],"iteration":592,"passed_time":6.463696212,"remaining_time":4.4362974},
{"learn":[0.027773699],"iteration":593,"passed_time":6.472404533,"remaining_time":4.423899395},
{"learn":[0.02769909146],"iteration":594,"passed_time":6.481616109,"remaining_time":4.411856343},
{"learn":[0.02767782681],"iteration":595,"passed_time":6.490856528,"remaining_time":4.399842344},
{"learn":[0.0276030799],"iteration":596,"passed_time":6.500159656,"remaining_time":4.387879969},
{"learn":[0.02750435353],"iteration":597,"passed_time":6.511808107,"remaining_time":4.377503109},
{"learn":[0.02746061487],"iteration":598,"passed_time":6.522545513,"remaining_time":4.366512105},
{"learn":[0.02742995708],"iteration":599,"passed_time":6.531546929,"remaining_time":4.354364619},
{"learn":[0.02739319216],"iteration":600,"passed_time":6.540993464,"remaining_time":4.342523115},
{"learn":[0.02733640186],"iteration":601,"passed_time":6.550467696,"remaining_time":4.330707879},
{"learn":[0.0272843918],"iteration":602,"passed_time":6.560746928,"remaining_time":4.319430399},
{"learn":[0.02724399599],"iteration":603,"passed_time":6.571752381,"remaining_time":4.308632356},
{"learn":[0.0272129626],"iteration":604,"passed_time":6.581168856,"remaining_time":4.296796195},
{"learn":[0.02708785434],"iteration":605,"passed_time":6.590080256,"remaining_time":4.284639638},
{"learn":[0.02701217212],"iteration":606,"passed_time":6.606246152,"remaining_time":4.277190672},
{"learn":[0.0269180042],"iteration":607,"passed_time":6.620748019,"remaining_time":4.26864017},
{"learn":[0.02680326094],"iteration":608,"passed_time":6.633836799,"remaining_time":4.259162871},
{"learn":[0.0267617302],"iteration":609,"passed_time":6.64582153,"remaining_time":4.248967864},
{"learn":[0.02671816266],"iteration":610,"passed_time":6.655793839,"remaining_time":4.237485767},
{"learn":[0.02660370853],"iteration":611,"passed_time":6.667259481,"remaining_time":4.226955357},
{"learn":[0.02650851193],"iteration":612,"passed_time":6.677827163,"remaining_time":4.215854995},
{"learn":[0.02647245725],"iteration":613,"passed_time":6.68597279,"remaining_time":4.203233708},
{"learn":[0.02638665467],"iteration":614,"passed_time":6.698438101,"remaining_time":4.193331169},
{"learn":[0.02632472112],"iteration":615,"passed_time":6.709759914,"remaining_time":4.182707479},
{"learn":[0.02624124471],"iteration":616,"passed_time":6.718897257,"remaining_time":4.170725526},
{"learn":[0.02618562623],"iteration":617,"passed_time":6.728008249,"remaining_time":4.15873649},
{"learn":[0.0261540381],"iteration":618,"passed_time":6.736446025,"remaining_time":4.146342383},
{"learn":[0.02609347434],"iteration":619,"passed_time":6.746151161,"remaining_time":4.134737808},
{"learn":[0.02603984902],"iteration":620,"passed_time":6.755031884,"remaining_time":4.122636206},
{"learn":[0.02600562618],"iteration":621,"passed_time":6.764925111,"remaining_time":4.111160277},
{"learn":[0.02598791218],"iteration":622,"passed_time":6.780442849,"remaining_time":4.103093024},
{"learn":[0.02594116491],"iteration":623,"passed_time":6.794588954,"remaining_time":4.094175395},
{"learn":[0.02588165936],"iteration":624,"passed_time":6.807968882,"remaining_time":4.084781329},
{"learn":[0.02580858442],"iteration":625,"passed_time":6.820469155,"remaining_time":4.074848984},
{"learn":[0.02577844128],"iteration":626,"passed_time":6.829304345,"remaining_time":4.062728103},
{"learn":[0.02570593359],"iteration":627,"passed_time":6.839294533,"remaining_time":4.051301857},
{"learn":[0.02567647153],"iteration":628,"passed_time":6.847921562,"remaining_time":4.039076152},
{"learn":[0.02563869476],"iteration":629,"passed_time":6.857324522,"remaining_time":4.027317576},
{"learn":[0.02558076299],"iteration":630,"passed_time":6.866450407,"remaining_time":4.015404437},
{"learn":[0.02555412029],"iteration":631,"passed_time":6.875050408,"remaining_time":4.003193908},
{"learn":[0.02552221148],"iteration":632,"passed_time":6.88420805,"remaining_time":3.991318095},
{"learn":[0.02542979342],"iteration":633,"passed_time":6.892195994,"remaining_time":3.978775605},
{"learn":[0.02536781906],"iteration":634,"passed_time":6.900620307,"remaining_time":3.966498287},
{"learn":[0.02530264335],"iteration":635,"passed_time":6.908471743,"remaining_time":3.953905211},
{"learn":[0.02525120478],"iteration":636,"passed_time":6.916529909,"remaining_time":3.94144483},
{"learn":[0.02521710736],"iteration":637,"passed_time":6.924232923,"remaining_time":3.928796737},
{"learn":[0.02519249602],"iteration":638,"passed_time":6.932348622,"remaining_time":3.916397265},
{"learn":[0.02510930335],"iteration":639,"passed_time":6.940337076,"remaining_time":3.903939605},
{"learn":[0.02503702029],"iteration":640,"passed_time":6.949334434,"remaining_time":3.892060939},
{"learn":[0.02501043683],"iteration":641,"passed_time":6.957943259,"remaining_time":3.87997459},
{"learn":[0.02498497133],"iteration":642,"passed_time":6.967772776,"remaining_time":3.868576798},
{"learn":[0.02495727659],"iteration":643,"passed_time":6.976745807,"remaining_time":3.856710415},
{"learn":[0.02492875881],"iteration":644,"passed_time":6.991389536,"remaining_time":3.847974086},
{"learn":[0.02490163527],"iteration":645,"passed_time":7.001760774,"remaining_time":3.836878195},
{"learn":[0.02483862983],"iteration":646,"passed_time":7.010392613,"remaining_time":3.824835537},
{"learn":[0.02481614114],"iteration":647,"passed_time":7.019306539,"remaining_time":3.812956639},
{"learn":[0.024720697],"iteration":648,"passed_time":7.028014578,"remaining_time":3.800975527},
{"learn":[0.02462707736],"iteration":649,"passed_time":7.035340595,"remaining_time":3.78826032},
{"learn":[0.02459154082],"iteration":650,"passed_time":7.043638482,"remaining_time":3.776082688},
{"learn":[0.02455668934],"iteration":651,"passed_time":7.050871984,"remaining_time":3.76334885},
{"learn":[0.02452091972],"iteration":652,"passed_time":7.059050926,"remaining_time":3.751134259},
{"learn":[0.0245113373],"iteration":653,"passed_time":7.066381394,"remaining_time":3.738483123},
{"learn":[0.02449282934],"iteration":654,"passed_time":7.073765125,"remaining_time":3.725876287},
{"learn":[0.02444760506],"iteration":655,"passed_time":7.082380515,"remaining_time":3.713931246},
{"learn":[0.0243821146],"iteration":656,"passed_time":7.090371354,"remaining_time":3.701670281},
{"learn":[0.02437123332],"iteration":657,"passed_time":7.0982862,"remaining_time":3.689382797},
{"learn":[0.02435579637],"iteration":658,"passed_time":7.106064145,"remaining_time":3.677037744},
{"learn":[0.02430189497],"iteration":659,"passed_time":7.114021217,"remaining_time":3.664798809},
{"learn":[0.02420964213],"iteration":660,"passed_time":7.121461639,"remaining_time":3.65230786},
{"learn":[0.02417893829],"iteration":661,"passed_time":7.129117722,"remaining_time":3.639942281},
{"learn":[0.02409870486],"iteration":662,"passed_time":7.136578213,"remaining_time":3.62749149},
{"learn":[0.02406559763],"iteration":663,"passed_time":7.144853256,"remaining_time":3.615467913},
{"learn":[0.02405907102],"iteration":664,"passed_time":7.152985281,"remaining_time":3.603383563},
{"learn":[0.02402727559],"iteration":665,"passed_time":7.16225659,"remaining_time":3.591882434},
{"learn":[0.02396934598],"iteration":666,"passed_time":7.170390155,"remaining_time":3.579819973},
{"learn":[0.02385624344],"iteration":667,"passed_time":7.178872679,"remaining_time":3.567942709},
{"learn":[0.02380932166],"iteration":668,"passed_time":7.187755733,"remaining_time":3.556273763},
{"learn":[0.02372712319],"iteration":669,"passed_time":7.196845674,"remaining_time":3.544715034},
{"learn":[0.02368938899],"iteration":670,"passed_time":7.210508228,"remaining_time":3.535405674},
{"learn":[0.02362444661],"iteration":671,"passed_time":7.224084852,"remaining_time":3.526041416},
{"learn":[0.02356343919],"iteration":672,"passed_time":7.239059769,"remaining_time":3.517344048},
{"learn":[0.02355292703],"iteration":673,"passed_time":7.247677802,"remaining_time":3.505553358},
{"learn":[0.02347494687],"iteration":674,"passed_time":7.258513257,"remaining_time":3.494839717},
{"learn":[0.02344687905],"iteration":675,"passed_time":7.267763207,"remaining_time":3.483365798},
{"learn":[0.02341425669],"iteration":676,"passed_time":7.277063882,"remaining_time":3.47192265},
{"learn":[0.02337501786],"iteration":677,"passed_time":7.286395147,"remaining_time":3.46050035},
{"learn":[0.02332436099],"iteration":678,"passed_time":7.296126065,"remaining_time":3.449273147},
{"learn":[0.02326495161],"iteration":679,"passed_time":7.305922061,"remaining_time":3.43808097},
{"learn":[0.02323629975],"iteration":680,"passed_time":7.315952492,"remaining_time":3.427002709},
{"learn":[0.02319236984],"iteration":681,"passed_time":7.32548744,"remaining_time":3.41569649},
{"learn":[0.02313406233],"iteration":682,"passed_time":7.33493981,"remaining_time":3.40435713},
{"learn":[0.02306514071],"iteration":683,"passed_time":7.343517867,"remaining_time":3.392619365},
{"learn":[0.02295153228],"iteration":684,"passed_time":7.35396903,"remaining_time":3.381752181},
{"learn":[0.02293431663],"iteration":685,"passed_time":7.363651156,"remaining_time":3.370534203},
{"learn":[0.02289484481],"iteration":686,"passed_time":7.374209482,"remaining_time":3.359719895},
{"learn":[0.02286621421],"iteration":687,"passed_time":7.385554692,"remaining_time":3.349263174},
{"learn":[0.02276858186],"iteration":688,"passed_time":7.394611545,"remaining_time":3.337770959},
{"learn":[0.02274346506],"iteration":689,"passed_time":7.417557757,"remaining_time":3.332525949},
{"learn":[0.02269906305],"iteration":690,"passed_time":7.431035613,"remaining_time":3.322995665},
{"learn":[0.02267957525],"iteration":691,"passed_time":7.440030189,"remaining_time":3.311458523},
{"learn":[0.02259971917],"iteration":692,"passed_time":7.448756359,"remaining_time":3.299809816},
{"learn":[0.02257630676],"iteration":693,"passed_time":7.455276259,"remaining_time":3.287196737},
{"learn":[0.02254120989],"iteration":694,"passed_time":7.463826932,"remaining_time":3.275492395},
{"learn":[0.02249633595],"iteration":695,"passed_time":7.471547058,"remaining_time":3.263434347},
{"learn":[0.02244791465],"iteration":696,"passed_time":7.479711491,"remaining_time":3.251581896},
{"learn":[0.02241192662],"iteration":697,"passed_time":7.487607708,"remaining_time":3.239623965},
{"learn":[0.02238123894],"iteration":698,"passed_time":7.495272157,"remaining_time":3.227577853},
{"learn":[0.02235174729],"iteration":699,"passed_time":7.503245464,"remaining_time":3.215676627},
{"learn":[0.02231438509],"iteration":700,"passed_time":7.512258903,"remaining_time":3.20423026},
{"learn":[0.02228547864],"iteration":701,"passed_time":7.51875685,"remaining_time":3.191722993},
{"learn":[0.02226567463],"iteration":702,"passed_time":7.525472357,"remaining_time":3.179324737},
{"learn":[0.02220681086],"iteration":703,"passed_time":7.532479709,"remaining_time":3.167065332},
{"learn":[0.02213292323],"iteration":704,"passed_time":7.539156017,"remaining_time":3.154682305},
{"learn":[0.02209593034],"iteration":705,"passed_time":7.545772253,"remaining_time":3.142290428},
{"learn":[0.02205947705],"iteration":706,"passed_time":7.551751772,"remaining_time":3.129651017},
{"learn":[0.02203368477],"iteration":707,"passed_time":7.559856295,"remaining_time":3.117906834},
{"learn":[0.02201339311],"iteration":708,"passed_time":7.56755605,"remaining_time":3.106006785},
{"learn":[0.02197274316],"iteration":709,"passed_time":7.576424027,"remaining_time":3.094595729},
{"learn":[0.02193722996],"iteration":710,"passed_time":7.583766701,"remaining_time":3.082571838},
{"learn":[0.02190413972],"iteration":711,"passed_time":7.592811136,"remaining_time":3.071249448},
{"learn":[0.02187844173],"iteration":712,"passed_time":7.600731449,"remaining_time":3.059480962},
{"learn":[0.02185258199],"iteration":713,"passed_time":7.610111889,"remaining_time":3.048308124},
{"learn":[0.02179374003],"iteration":714,"passed_time":7.619517425,"remaining_time":3.037150302},
{"learn":[0.02176798183],"iteration":715,"passed_time":7.631364265,"remaining_time":3.026965714},
{"learn":[0.02171862151],"iteration":716,"passed_time":7.642414088,"remaining_time":3.016461906},
{"learn":[0.02167830199],"iteration":717,"passed_time":7.652226558,"remaining_time":3.005470598},
{"learn":[0.02164821456],"iteration":718,"passed_time":7.663385593,"remaining_time":2.995008834},
{"learn":[0.02161685867],"iteration":719,"passed_time":7.671411148,"remaining_time":2.983326558},
{"learn":[0.0215923153],"iteration":720,"passed_time":7.678697518,"remaining_time":2.971368388},
{"learn":[0.02157474094],"iteration":721,"passed_time":7.686051012,"remaining_time":2.959449004},
{"learn":[0.02154493212],"iteration":722,"passed_time":7.693622278,"remaining_time":2.947625686},
{"learn":[0.02147951833],"iteration":723,"passed_time":7.700870837,"remaining_time":2.935691092},
{"learn":[0.02143300807],"iteration":724,"passed_time":7.709341258,"remaining_time":2.924232891},
{"learn":[0.02135869938],"iteration":725,"passed_time":7.717732257,"remaining_time":2.912752945},
{"learn":[0.02130573242],"iteration":726,"passed_time":7.725081645,"remaining_time":2.900890356},
{"learn":[0.02127361539],"iteration":727,"passed_time":7.731978109,"remaining_time":2.888870942},
{"learn":[0.02123409805],"iteration":728,"passed_time":7.739137325,"remaining_time":2.876963258},
{"learn":[0.02114304356],"iteration":729,"passed_time":7.746316327,"remaining_time":2.865075902},
{"learn":[0.0211321416],"iteration":730,"passed_time":7.754664904,"remaining_time":2.853631818},
{"learn":[0.02108900584],"iteration":731,"passed_time":7.762395157,"remaining_time":2.841969812},
{"learn":[0.0210595979],"iteration":732,"passed_time":7.770122812,"remaining_time":2.830317586},
{"learn":[0.02100937638],"iteration":733,"passed_time":7.777740863,"remaining_time":2.818636335},
{"learn":[0.02094944932],"iteration":734,"passed_time":7.785694894,"remaining_time":2.807087275},
{"learn":[0.02092222904],"iteration":735,"passed_time":7.793408532,"remaining_time":2.795461756},
{"learn":[0.0208509658],"iteration":736,"passed_time":7.801878501,"remaining_time":2.784116752},
{"learn":[0.0208325414],"iteration":737,"passed_time":7.809861772,"remaining_time":2.772606754},
{"learn":[0.02078082477],"iteration":738,"passed_time":7.817992815,"remaining_time":2.761158491},
{"learn":[0.02075889596],"iteration":739,"passed_time":7.823436551,"remaining_time":2.748775004},
{"learn":[0.02073571004],"iteration":740,"passed_time":7.831498966,"remaining_time":2.73732555},
{"learn":[0.02069309962],"iteration":741,"passed_time":7.839502332,"remaining_time":2.725864692},
{"learn":[0.02060850896],"iteration":742,"passed_time":7.85151893,"remaining_time":2.715801299},
{"learn":[0.02058469651],"iteration":743,"passed_time":7.860824243,"remaining_time":2.70479974},
{"learn":[0.02054130028],"iteration":744,"passed_time":7.872803191,"remaining_time":2.694717871},
{"learn":[0.0205160182],"iteration":745,"passed_time":7.881289238,"remaining_time":2.683441644},
{"learn":[0.02048874675],"iteration":746,"passed_time":7.890260923,"remaining_time":2.672337368},
{"learn":[0.02040870071],"iteration":747,"passed_time":7.899797899,"remaining_time":2.661429239},
{"learn":[0.02039202853],"iteration":748,"passed_time":7.908409603,"remaining_time":2.6502147},
{"learn":[0.02036652198],"iteration":749,"passed_time":7.919053159,"remaining_time":2.639684386},
{"learn":[0.02034428241],"iteration":750,"passed_time":7.928023068,"remaining_time":2.62859886},
{"learn":[0.02029881752],"iteration":751,"passed_time":7.937172617,"remaining_time":2.617578204},
{"learn":[0.0202736288],"iteration":752,"passed_time":7.947185093,"remaining_time":2.606845575},
{"learn":[0.02023561466],"iteration":753,"passed_time":7.958261949,"remaining_time":2.596462121},
{"learn":[0.02022475872],"iteration":754,"passed_time":7.968277401,"remaining_time":2.585732402},
{"learn":[0.02018079079],"iteration":755,"passed_time":7.981937998,"remaining_time":2.576181047},
{"learn":[0.02016331632],"iteration":756,"passed_time":7.992406211,"remaining_time":2.565594068},
{"learn":[0.02011634793],"iteration":757,"passed_time":8.002794244,"remaining_time":2.554981804},
{"learn":[0.02008850129],"iteration":758,"passed_time":8.01358705,"remaining_time":2.544498655},
{"learn":[0.02006539663],"iteration":759,"passed_time":8.02631351,"remaining_time":2.534625319},
{"learn":[0.02004318959],"iteration":760,"passed_time":8.034732386,"remaining_time":2.523391643},
{"learn":[0.02002828521],"iteration":761,"passed_time":8.05388277,"remaining_time":2.515517191},
{"learn":[0.01999243033],"iteration":762,"passed_time":8.071882137,"remaining_time":2.507255657},
{"learn":[0.01996767577],"iteration":763,"passed_time":8.086198038,"remaining_time":2.497830808},
{"learn":[0.01992828076],"iteration":764,"passed_time":8.102174622,"remaining_time":2.488903315},
{"learn":[0.01991691777],"iteration":765,"passed_time":8.113664451,"remaining_time":2.47858679},
{"learn":[0.01989331357],"iteration":766,"passed_time":8.125662991,"remaining_time":2.468421743},
{"learn":[0.01988812763],"iteration":767,"passed_time":8.136459495,"remaining_time":2.457888806},
{"learn":[0.01985142742],"iteration":768,"passed_time":8.147818962,"remaining_time":2.447524292},
{"learn":[0.01981916696],"iteration":769,"passed_time":8.159763329,"remaining_time":2.437331903},
{"learn":[0.01976767865],"iteration":770,"passed_time":8.171806968,"remaining_time":2.427164456},
{"learn":[0.01969882984],"iteration":771,"passed_time":8.181747353,"remaining_time":2.41637098},
{"learn":[0.01966792463],"iteration":772,"passed_time":8.192496062,"remaining_time":2.405817084},
{"learn":[0.01965600082],"iteration":773,"passed_time":8.202874514,"remaining_time":2.395154574},
{"learn":[0.01963640006],"iteration":774,"passed_time":8.212063635,"remaining_time":2.384147507},
{"learn":[0.0196220397],"iteration":775,"passed_time":8.222404582,"remaining_time":2.373477611},
{"learn":[0.01959082829],"iteration":776,"passed_time":8.235159177,"remaining_time":2.363501283},
{"learn":[0.01956933483],"iteration":777,"passed_time":8.244691959,"remaining_time":2.352598477},
{"learn":[0.01950995062],"iteration":778,"passed_time":8.255259511,"remaining_time":2.34199275},
{"learn":[0.0194652974],"iteration":779,"passed_time":8.265980153,"remaining_time":2.3314303},
{"learn":[0.01944575696],"iteration":780,"passed_time":8.281185174,"remaining_time":2.322124908},
{"learn":[0.01939446329],"iteration":781,"passed_time":8.291907082,"remaining_time":2.31155466},
{"learn":[0.01936473578],"iteration":782,"passed_time":8.305669995,"remaining_time":2.301826806},
{"learn":[0.01928993496],"iteration":783,"passed_time":8.318482456,"remaining_time":2.291826799},
{"learn":[0.01924352862],"iteration":784,"passed_time":8.337951386,"remaining_time":2.283642736},
{"learn":[0.01920182945],"iteration":785,"passed_time":8.357347334,"remaining_time":2.275410088},
{"learn":[0.01916434249],"iteration":786,"passed_time":8.370261793,"remaining_time":2.265394869},
{"learn":[0.01911371967],"iteration":787,"passed_time":8.383846738,"remaining_time":2.255552676},
{"learn":[0.01910614176],"iteration":788,"passed_time":8.394888655,"remaining_time":2.24502092},
{"learn":[0.01905838852],"iteration":789,"passed_time":8.405537941,"remaining_time":2.234383503},
{"learn":[0.01902787106],"iteration":790,"passed_time":8.416682567,"remaining_time":2.223876936},
{"learn":[0.0190083199],"iteration":791,"passed_time":8.426392192,"remaining_time":2.212991889},
{"learn":[0.01896835383],"iteration":792,"passed_time":8.434380857,"remaining_time":2.201660577},
{"learn":[0.01893778063],"iteration":793,"passed_time":8.443249131,"remaining_time":2.190565895},
{"learn":[0.0189240731],"iteration":794,"passed_time":8.450898623,"remaining_time":2.179162538},
{"learn":[0.01890748984],"iteration":795,"passed_time":8.460005139,"remaining_time":2.168142021},
{"learn":[0.01888776572],"iteration":796,"passed_time":8.468898167,"remaining_time":2.15707193},
{"learn":[0.01881720745],"iteration":797,"passed_time":8.47831769,"remaining_time":2.146140568},
{"learn":[0.01879356927],"iteration":798,"passed_time":8.486729701,"remaining_time":2.134959537},
{"learn":[0.01878304328],"iteration":799,"passed_time":8.496207684,"remaining_time":2.124051921},
{"learn":[0.01876313426],"iteration":800,"passed_time":8.578537921,"remaining_time":2.131247249},
{"learn":[0.01872499895],"iteration":801,"passed_time":8.661647846,"remaining_time":2.138411812},
{"learn":[0.01869206227],"iteration":802,"passed_time":8.679918335,"remaining_time":2.129444473},
{"learn":[0.01866860843],"iteration":803,"passed_time":8.691318457,"remaining_time":2.118779126},
{"learn":[0.01864362088],"iteration":804,"passed_time":8.701319059,"remaining_time":2.10777294},
{"learn":[0.01863650502],"iteration":805,"passed_time":8.731249966,"remaining_time":2.101566369},
{"learn":[0.01858479403],"iteration":806,"passed_time":8.746278491,"remaining_time":2.091736987},
{"learn":[0.01855315672],"iteration":807,"passed_time":8.757664548,"remaining_time":2.081029199},
{"learn":[0.0185371649],"iteration":808,"passed_time":8.767582255,"remaining_time":2.069973066},
{"learn":[0.01849788887],"iteration":809,"passed_time":8.776606619,"remaining_time":2.058710195},
{"learn":[0.01848329305],"iteration":810,"passed_time":8.78774852,"remaining_time":2.047946326},
{"learn":[0.01847745691],"iteration":811,"passed_time":8.795919988,"remaining_time":2.03649379},
{"learn":[0.01845083072],"iteration":812,"passed_time":8.806812641,"remaining_time":2.025675232},
{"learn":[0.01842545365],"iteration":813,"passed_time":8.81567936,"remaining_time":2.014393564},
{"learn":[0.01839005628],"iteration":814,"passed_time":8.832430353,"remaining_time":2.004907503},
{"learn":[0.01835350629],"iteration":815,"passed_time":8.852823457,"remaining_time":1.996224897},
{"learn":[0.01833892158],"iteration":816,"passed_time":8.866261558,"remaining_time":1.985955771},
{"learn":[0.01831544774],"iteration":817,"passed_time":8.875920798,"remaining_time":1.974838124},
{"learn":[0.01829569204],"iteration":818,"passed_time":8.88647441,"remaining_time":1.963921695},
{"learn":[0.01826714872],"iteration":819,"passed_time":8.906174364,"remaining_time":1.955013885},
{"learn":[0.01824621954],"iteration":820,"passed_time":8.936459303,"remaining_time":1.948387595},
{"learn":[0.01823019892],"iteration":821,"passed_time":8.948696105,"remaining_time":1.937795507},
{"learn":[0.01818772814],"iteration":822,"passed_time":8.960088294,"remaining_time":1.927017774},
{"learn":[0.01814618269],"iteration":823,"passed_time":8.970293011,"remaining_time":1.915984915},
{"learn":[0.0180921359],"iteration":824,"passed_time":8.982606312,"remaining_time":1.905401339},
{"learn":[0.01807671793],"iteration":825,"passed_time":8.992299011,"remaining_time":1.894261535},
{"learn":[0.01806851941],"iteration":826,"passed_time":9.004495047,"remaining_time":1.883648904},
{"learn":[0.0180233508],"iteration":827,"passed_time":9.016596804,"remaining_time":1.873012863},
{"learn":[0.01801535888],"iteration":828,"passed_time":9.027111606,"remaining_time":1.862045941},
{"learn":[0.01800267353],"iteration":829,"passed_time":9.036679241,"remaining_time":1.85088611},
{"learn":[0.017984148],"iteration":830,"passed_time":9.065726011,"remaining_time":1.843691571},
{"learn":[0.01793231537],"iteration":831,"passed_time":9.086751265,"remaining_time":1.834824775},
{"learn":[0.01790472649],"iteration":832,"passed_time":9.101048239,"remaining_time":1.824579899},
{"learn":[0.01787939383],"iteration":833,"passed_time":9.113536448,"remaining_time":1.813965288},
{"learn":[0.01784573127],"iteration":834,"passed_time":9.125257065,"remaining_time":1.80319451},
{"learn":[0.01782186018],"iteration":835,"passed_time":9.134362341,"remaining_time":1.791908402},
{"learn":[0.01780521907],"iteration":836,"passed_time":9.14710684,"remaining_time":1.781336219},
{"learn":[0.01777893765],"iteration":837,"passed_time":9.15645765,"remaining_time":1.770102792},
{"learn":[0.01775912464],"iteration":838,"passed_time":9.168042026,"remaining_time":1.759302463},
{"learn":[0.01775489292],"iteration":839,"passed_time":9.177870083,"remaining_time":1.74816573},
{"learn":[0.01772395248],"iteration":840,"passed_time":9.190223469,"remaining_time":1.73750955},
{"learn":[0.01770311443],"iteration":841,"passed_time":9.200202319,"remaining_time":1.72640376},
{"learn":[0.01766717242],"iteration":842,"passed_time":9.211617616,"remaining_time":1.715568168},
{"learn":[0.01765801767],"iteration":843,"passed_time":9.223625755,"remaining_time":1.704840779},
{"learn":[0.01760163449],"iteration":844,"passed_time":9.236553081,"remaining_time":1.694278968},
{"learn":[0.01756899567],"iteration":845,"passed_time":9.246226901,"remaining_time":1.683119318},
{"learn":[0.01752289723],"iteration":846,"passed_time":9.262628364,"remaining_time":1.673178441},
{"learn":[0.01746590178],"iteration":847,"passed_time":9.276134503,"remaining_time":1.662703354},
{"learn":[0.01741322802],"iteration":848,"passed_time":9.287408061,"remaining_time":1.651824049},
{"learn":[0.01740772297],"iteration":849,"passed_time":9.296089669,"remaining_time":1.640486412},
{"learn":[0.01739763739],"iteration":850,"passed_time":9.306199295,"remaining_time":1.629405047},
{"learn":[0.01734436691],"iteration":851,"passed_time":9.31640705,"remaining_time":1.618343009},
{"learn":[0.01731304606],"iteration":852,"passed_time":9.326107884,"remaining_time":1.607195614},
{"learn":[0.01728285634],"iteration":853,"passed_time":9.338273677,"remaining_time":1.596473017},
{"learn":[0.01723946705],"iteration":854,"passed_time":9.351189051,"remaining_time":1.585874167},
{"learn":[0.01723311994],"iteration":855,"passed_time":9.363676662,"remaining_time":1.575197943},
{"learn":[0.01719808912],"iteration":856,"passed_time":9.373759935,"remaining_time":1.564116302},
{"learn":[0.01717246384],"iteration":857,"passed_time":9.385516481,"remaining_time":1.553313916},
{"learn":[0.01715729196],"iteration":858,"passed_time":9.395832743,"remaining_time":1.542272895},
{"learn":[0.01712702334],"iteration":859,"passed_time":9.405705883,"remaining_time":1.531161423},
{"learn":[0.01709780642],"iteration":860,"passed_time":9.418071374,"remaining_time":1.520455193},
{"learn":[0.01707911996],"iteration":861,"passed_time":9.431242864,"remaining_time":1.509874148},
{"learn":[0.01706070688],"iteration":862,"passed_time":9.444016814,"remaining_time":1.49922399},
{"learn":[0.01705122711],"iteration":863,"passed_time":9.458298464,"remaining_time":1.48880624},
{"learn":[0.01703174555],"iteration":864,"passed_time":9.470509761,"remaining_time":1.478056437},
{"learn":[0.01702081861],"iteration":865,"passed_time":9.482145487,"remaining_time":1.467214198},
{"learn":[0.01698757752],"iteration":866,"passed_time":9.493957277,"remaining_time":1.456397137},
{"learn":[0.01695610968],"iteration":867,"passed_time":9.506201126,"remaining_time":1.445643489},
{"learn":[0.01694097358],"iteration":868,"passed_time":9.516994068,"remaining_time":1.43466769},
{"learn":[0.01692766775],"iteration":869,"passed_time":9.532529557,"remaining_time":1.424400968},
{"learn":[0.01690809169],"iteration":870,"passed_time":9.544040258,"remaining_time":1.413526054},
{"learn":[0.01690523818],"iteration":871,"passed_time":9.554524772,"remaining_time":1.402499049},
{"learn":[0.01685534989],"iteration":872,"passed_time":9.564865084,"remaining_time":1.391452309},
{"learn":[0.01683695042],"iteration":873,"passed_time":9.578128702,"remaining_time":1.380828623},
{"learn":[0.01680208599],"iteration":874,"passed_time":9.589747732,"remaining_time":1.369963962},
{"learn":[0.01678938514],"iteration":875,"passed_time":9.602331974,"remaining_time":1.359234206},
{"learn":[0.01676480976],"iteration":876,"passed_time":9.612931877,"remaining_time":1.348221917},
{"learn":[0.0167356434],"iteration":877,"passed_time":9.629704273,"remaining_time":1.338068248},
{"learn":[0.01672653982],"iteration":878,"passed_time":9.679228298,"remaining_time":1.332407991},
{"learn":[0.01670998138],"iteration":879,"passed_time":9.695419829,"remaining_time":1.322102704},
{"learn":[0.0167010032],"iteration":880,"passed_time":9.708168717,"remaining_time":1.311319044},
{"learn":[0.01668895537],"iteration":881,"passed_time":9.718020494,"remaining_time":1.300143331},
{"learn":[0.01666093364],"iteration":882,"passed_time":9.728610532,"remaining_time":1.28906844},
{"learn":[0.01664866455],"iteration":883,"passed_time":9.740571958,"remaining_time":1.278174601},
{"learn":[0.01663957392],"iteration":884,"passed_time":9.754202243,"remaining_time":1.267495207},
{"learn":[0.01661398216],"iteration":885,"passed_time":9.766692562,"remaining_time":1.256662474},
{"learn":[0.01656155403],"iteration":886,"passed_time":9.777169118,"remaining_time":1.245569459},
{"learn":[0.01650046262],"iteration":887,"passed_time":9.788313577,"remaining_time":1.234562073},
{"learn":[0.01648908802],"iteration":888,"passed_time":9.798960215,"remaining_time":1.22349222},
{"learn":[0.01648042686],"iteration":889,"passed_time":9.808686017,"remaining_time":1.212309508},
{"learn":[0.01646531306],"iteration":890,"passed_time":9.821456775,"remaining_time":1.201502568},
{"learn":[0.01642243096],"iteration":891,"passed_time":9.833287329,"remaining_time":1.19057739},
{"learn":[0.01638921045],"iteration":892,"passed_time":9.854557858,"remaining_time":1.180781289},
{"learn":[0.01637282976],"iteration":893,"passed_time":9.870287394,"remaining_time":1.170302532},
{"learn":[0.01635927378],"iteration":894,"passed_time":9.883294924,"remaining_time":1.159492701},
{"learn":[0.01632317626],"iteration":895,"passed_time":9.893330616,"remaining_time":1.148333018},
{"learn":[0.01630185242],"iteration":896,"passed_time":9.903180591,"remaining_time":1.137154516},
{"learn":[0.01627610151],"iteration":897,"passed_time":9.915141911,"remaining_time":1.126218792},
{"learn":[0.01622637896],"iteration":898,"passed_time":9.924692373,"remaining_time":1.115009933},
{"learn":[0.01618858133],"iteration":899,"passed_time":9.936952288,"remaining_time":1.10410581},
{"learn":[0.01617472499],"iteration":900,"passed_time":9.947932075,"remaining_time":1.093058019},
{"learn":[0.01614425761],"iteration":901,"passed_time":9.960824275,"remaining_time":1.082218158},
{"learn":[0.0161185278],"iteration":902,"passed_time":9.974163484,"remaining_time":1.07142177},
{"learn":[0.01610410835],"iteration":903,"passed_time":9.989797465,"remaining_time":1.060863448},
{"learn":[0.01606946069],"iteration":904,"passed_time":10.00194456,"remaining_time":1.049927882},
{"learn":[0.01605891221],"iteration":905,"passed_time":10.01309719,"remaining_time":1.038886463},
{"learn":[0.016031277],"iteration":906,"passed_time":10.03238846,"remaining_time":1.028679302},
{"learn":[0.01601592781],"iteration":907,"passed_time":10.04884658,"remaining_time":1.018165072},
{"learn":[0.01597870749],"iteration":908,"passed_time":10.06560639,"remaining_time":1.007667966},
{"learn":[0.01592729392],"iteration":909,"passed_time":10.07470812,"remaining_time":0.9963997041},
{"learn":[0.01587622347],"iteration":910,"passed_time":10.08265779,"remaining_time":0.9850236484},
{"learn":[0.01584407706],"iteration":911,"passed_time":10.0915025,"remaining_time":0.9737414691},
{"learn":[0.01581795759],"iteration":912,"passed_time":10.09954673,"remaining_time":0.9623883522},
{"learn":[0.01578432363],"iteration":913,"passed_time":10.10902852,"remaining_time":0.9511777383},
{"learn":[0.01576714267],"iteration":914,"passed_time":10.1164691,"remaining_time":0.9397812826},
{"learn":[0.01575224704],"iteration":915,"passed_time":10.12504401,"remaining_time":0.9284974855},
{"learn":[0.0157185035],"iteration":916,"passed_time":10.13274596,"remaining_time":0.9171405826},
{"learn":[0.01569163155],"iteration":917,"passed_time":10.14143457,"remaining_time":0.9058797765},
{"learn":[0.01565795451],"iteration":918,"passed_time":10.14887734,"remaining_time":0.8945147603},
{"learn":[0.0156380285],"iteration":919,"passed_time":10.15774765,"remaining_time":0.8832824042},
{"learn":[0.0156295542],"iteration":920,"passed_time":10.16492722,"remaining_time":0.8719101526},
{"learn":[0.01560430996],"iteration":921,"passed_time":10.17441532,"remaining_time":0.8607422943},
{"learn":[0.01559353845],"iteration":922,"passed_time":10.18255919,"remaining_time":0.8494659346},
{"learn":[0.01556629865],"iteration":923,"passed_time":10.1911974,"remaining_time":0.8382370157},
{"learn":[0.01555698799],"iteration":924,"passed_time":10.19898363,"remaining_time":0.8269446184},
{"learn":[0.01555174593],"iteration":925,"passed_time":10.20965083,"remaining_time":0.815890023},
{"learn":[0.01553850484],"iteration":926,"passed_time":10.21956467,"remaining_time":0.8047769374},
{"learn":[0.0155200068],"iteration":927,"passed_time":10.22981998,"remaining_time":0.7936929293},
{"learn":[0.01550599672],"iteration":928,"passed_time":10.24093308,"remaining_time":0.7826762635},
{"learn":[0.01549869043],"iteration":929,"passed_time":10.24834443,"remaining_time":0.7713807633},
{"learn":[0.01549270817],"iteration":930,"passed_time":10.25542341,"remaining_time":0.7600689743},
{"learn":[0.0154684604],"iteration":931,"passed_time":10.26275277,"remaining_time":0.7487845367},
{"learn":[0.01545277097],"iteration":932,"passed_time":10.27132399,"remaining_time":0.7375977568},
{"learn":[0.01543863505],"iteration":933,"passed_time":10.27833943,"remaining_time":0.7263066404},
{"learn":[0.01543364638],"iteration":934,"passed_time":10.28689516,"remaining_time":0.7151317492},
{"learn":[0.01540892812],"iteration":935,"passed_time":10.29558974,"remaining_time":0.7039719478},
{"learn":[0.01539800273],"iteration":936,"passed_time":10.30473279,"remaining_time":0.6928475624},
{"learn":[0.01537810664],"iteration":937,"passed_time":10.31533241,"remaining_time":0.6818236771},
{"learn":[0.01537101184],"iteration":938,"passed_time":10.32287678,"remaining_time":0.6706022188},
{"learn":[0.01535599801],"iteration":939,"passed_time":10.3312813,"remaining_time":0.6594434871},
{"learn":[0.01530134979],"iteration":940,"passed_time":10.33883933,"remaining_time":0.6482375352},
{"learn":[0.01526780369],"iteration":941,"passed_time":10.34692649,"remaining_time":0.6370719067},
{"learn":[0.01523253209],"iteration":942,"passed_time":10.35528419,"remaining_time":0.625929161},
{"learn":[0.01520723106],"iteration":943,"passed_time":10.36506014,"remaining_time":0.6148764491},
{"learn":[0.01515762931],"iteration":944,"passed_time":10.37636482,"remaining_time":0.6039154127},
{"learn":[0.01514313922],"iteration":945,"passed_time":10.38969938,"remaining_time":0.5930695209},
{"learn":[0.01512890851],"iteration":946,"passed_time":10.399812,"remaining_time":0.5820380529},
{"learn":[0.01510530182],"iteration":947,"passed_time":10.4068378,"remaining_time":0.5708392043},
{"learn":[0.01507211603],"iteration":948,"passed_time":10.41511734,"remaining_time":0.5597165273},
{"learn":[0.01506308535],"iteration":949,"passed_time":10.42224809,"remaining_time":0.5485393732},
{"learn":[0.01504938991],"iteration":950,"passed_time":10.43033973,"remaining_time":0.5374202384},
{"learn":[0.01503716429],"iteration":951,"passed_time":10.43754072,"remaining_time":0.5262625571},
{"learn":[0.0150140771],"iteration":952,"passed_time":10.44572965,"remaining_time":0.5151619029},
{"learn":[0.0149942384],"iteration":953,"passed_time":10.45291772,"remaining_time":0.5040190934},
{"learn":[0.01498532375],"iteration":954,"passed_time":10.46139701,"remaining_time":0.4929454091},
{"learn":[0.01496866666],"iteration":955,"passed_time":10.46901937,"remaining_time":0.4818377114},
{"learn":[0.01495353772],"iteration":956,"passed_time":10.47707522,"remaining_time":0.4707567759},
{"learn":[0.01493493896],"iteration":957,"passed_time":10.48427477,"remaining_time":0.4596446142},
{"learn":[0.01492653873],"iteration":958,"passed_time":10.49164067,"remaining_time":0.4485477243},
{"learn":[0.01490524864],"iteration":959,"passed_time":10.49928019,"remaining_time":0.4374700077},
{"learn":[0.01488829345],"iteration":960,"passed_time":10.50804356,"remaining_time":0.4264450558},
{"learn":[0.01487242894],"iteration":961,"passed_time":10.51477261,"remaining_time":0.4153444482},
{"learn":[0.01486193037],"iteration":962,"passed_time":10.52211007,"remaining_time":0.4042762954},
{"learn":[0.01480862458],"iteration":963,"passed_time":10.52979767,"remaining_time":0.3932289587},
{"learn":[0.01480252069],"iteration":964,"passed_time":10.53709496,"remaining_time":0.3821744285},
{"learn":[0.01479653132],"iteration":965,"passed_time":10.54494063,"remaining_time":0.3711469789},
{"learn":[0.01477540407],"iteration":966,"passed_time":10.55195869,"remaining_time":0.3600978665},
{"learn":[0.01476531575],"iteration":967,"passed_time":10.56024969,"remaining_time":0.3490991633},
{"learn":[0.01475703383],"iteration":968,"passed_time":10.56728331,"remaining_time":0.338065823},
{"learn":[0.0147323848],"iteration":969,"passed_time":10.57572876,"remaining_time":0.3270843948},
{"learn":[0.01471391283],"iteration":970,"passed_time":10.58519963,"remaining_time":0.3161388149},
{"learn":[0.01470847915],"iteration":971,"passed_time":10.59653587,"remaining_time":0.3052500044},
{"learn":[0.01470151629],"iteration":972,"passed_time":10.60948603,"remaining_time":0.2944050593},
{"learn":[0.01467303181],"iteration":973,"passed_time":10.61748566,"remaining_time":0.2834236419},
{"learn":[0.01466219676],"iteration":974,"passed_time":10.62608197,"remaining_time":0.2724636402},
{"learn":[0.01465042386],"iteration":975,"passed_time":10.63314224,"remaining_time":0.2614707108},
{"learn":[0.01463167439],"iteration":976,"passed_time":10.64247605,"remaining_time":0.2505393542},
{"learn":[0.01461663742],"iteration":977,"passed_time":10.64962642,"remaining_time":0.2395621485},
{"learn":[0.01458932377],"iteration":978,"passed_time":10.65755531,"remaining_time":0.2286094601},
{"learn":[0.01457441739],"iteration":979,"passed_time":10.66516139,"remaining_time":0.217656355},
{"learn":[0.01456912531],"iteration":980,"passed_time":10.67396849,"remaining_time":0.2067333347},
{"learn":[0.01456438182],"iteration":981,"passed_time":10.68243093,"remaining_time":0.1958083063},
{"learn":[0.01453795875],"iteration":982,"passed_time":10.69193185,"remaining_time":0.1849062477},
{"learn":[0.0145221953],"iteration":983,"passed_time":10.70088968,"remaining_time":0.1739982062},
{"learn":[0.01450931711],"iteration":984,"passed_time":10.70934268,"remaining_time":0.1630864368},
{"learn":[0.01448294381],"iteration":985,"passed_time":10.71802787,"remaining_time":0.1521829515},
{"learn":[0.01444273979],"iteration":986,"passed_time":10.72619458,"remaining_time":0.1412771323},
{"learn":[0.01443280625],"iteration":987,"passed_time":10.73430176,"remaining_time":0.1303761347},
{"learn":[0.01442144192],"iteration":988,"passed_time":10.74212752,"remaining_time":0.119477657},
{"learn":[0.01440143701],"iteration":989,"passed_time":10.75049952,"remaining_time":0.1085909042},
{"learn":[0.0143868035],"iteration":990,"passed_time":10.7607041,"remaining_time":0.09772586973},
{"learn":[0.01435400442],"iteration":991,"passed_time":10.77405028,"remaining_time":0.08688750224},
{"learn":[0.01434727571],"iteration":992,"passed_time":10.78815276,"remaining_time":0.07604941522},
{"learn":[0.01434163378],"iteration":993,"passed_time":10.79729238,"remaining_time":0.06517480308},
{"learn":[0.01432007114],"iteration":994,"passed_time":10.80614512,"remaining_time":0.05430223677},
{"learn":[0.01427927822],"iteration":995,"passed_time":10.81522309,"remaining_time":0.04343463087},
{"learn":[0.0142659092],"iteration":996,"passed_time":10.82335603,"remaining_time":0.0325677714},
{"learn":[0.01422036883],"iteration":997,"passed_time":10.83194916,"remaining_time":0.02170731295},
{"learn":[0.01420882685],"iteration":998,"passed_time":10.83951465,"remaining_time":0.01085036502},
{"learn":[0.0141920255],"iteration":999,"passed_time":10.84853147,"remaining_time":0}
]}